[{"model": "admin.logentry", "pk": 1, "fields": {"action_time": "2021-08-08T11:45:51.651Z", "user": 1, "content_type": 11, "object_id": "1", "object_repr": "Slider object (1)", "action_flag": 1, "change_message": "[{\"added\": {}}]"}}, {"model": "admin.logentry", "pk": 2, "fields": {"action_time": "2021-08-08T11:46:23.170Z", "user": 1, "content_type": 11, "object_id": "2", "object_repr": "Slider object (2)", "action_flag": 1, "change_message": "[{\"added\": {}}]"}}, {"model": "admin.logentry", "pk": 3, "fields": {"action_time": "2021-08-08T11:46:47.681Z", "user": 1, "content_type": 11, "object_id": "3", "object_repr": "Slider object (3)", "action_flag": 1, "change_message": "[{\"added\": {}}]"}}, {"model": "admin.logentry", "pk": 4, "fields": {"action_time": "2021-08-08T11:47:16.108Z", "user": 1, "content_type": 11, "object_id": "4", "object_repr": "Slider object (4)", "action_flag": 1, "change_message": "[{\"added\": {}}]"}}, {"model": "admin.logentry", "pk": 5, "fields": {"action_time": "2021-08-08T11:47:42.753Z", "user": 1, "content_type": 11, "object_id": "5", "object_repr": "Slider object (5)", "action_flag": 1, "change_message": "[{\"added\": {}}]"}}, {"model": "admin.logentry", "pk": 6, "fields": {"action_time": "2021-08-08T11:48:27.345Z", "user": 1, "content_type": 10, "object_id": "1", "object_repr": "News object (1)", "action_flag": 1, "change_message": "[{\"added\": {}}]"}}, {"model": "admin.logentry", "pk": 7, "fields": {"action_time": "2021-08-08T11:48:43.328Z", "user": 1, "content_type": 10, "object_id": "2", "object_repr": "News object (2)", "action_flag": 1, "change_message": "[{\"added\": {}}]"}}, {"model": "admin.logentry", "pk": 8, "fields": {"action_time": "2021-08-08T11:48:47.739Z", "user": 1, "content_type": 10, "object_id": "3", "object_repr": "News object (3)", "action_flag": 1, "change_message": "[{\"added\": {}}]"}}, {"model": "admin.logentry", "pk": 9, "fields": {"action_time": "2021-08-08T11:49:07.438Z", "user": 1, "content_type": 9, "object_id": "1", "object_repr": "DueDateReminder object (1)", "action_flag": 1, "change_message": "[{\"added\": {}}]"}}, {"model": "admin.logentry", "pk": 10, "fields": {"action_time": "2021-08-08T11:49:17.849Z", "user": 1, "content_type": 9, "object_id": "2", "object_repr": "DueDateReminder object (2)", "action_flag": 1, "change_message": "[{\"added\": {}}]"}}, {"model": "admin.logentry", "pk": 11, "fields": {"action_time": "2021-08-08T11:49:29.101Z", "user": 1, "content_type": 9, "object_id": "3", "object_repr": "DueDateReminder object (3)", "action_flag": 1, "change_message": "[{\"added\": {}}]"}}, {"model": "admin.logentry", "pk": 12, "fields": {"action_time": "2021-08-08T11:49:54.664Z", "user": 1, "content_type": 7, "object_id": "1", "object_repr": "BlogNews object (1)", "action_flag": 1, "change_message": "[{\"added\": {}}]"}}, {"model": "admin.logentry", "pk": 13, "fields": {"action_time": "2021-08-08T11:50:56.960Z", "user": 1, "content_type": 12, "object_id": "1", "object_repr": "Offrings object (1)", "action_flag": 1, "change_message": "[{\"added\": {}}]"}}, {"model": "admin.logentry", "pk": 14, "fields": {"action_time": "2021-08-08T11:51:26.125Z", "user": 1, "content_type": 12, "object_id": "2", "object_repr": "Offrings object (2)", "action_flag": 1, "change_message": "[{\"added\": {}}]"}}, {"model": "admin.logentry", "pk": 15, "fields": {"action_time": "2021-08-08T11:51:47.504Z", "user": 1, "content_type": 12, "object_id": "3", "object_repr": "Offrings object (3)", "action_flag": 1, "change_message": "[{\"added\": {}}]"}}, {"model": "admin.logentry", "pk": 16, "fields": {"action_time": "2021-08-08T11:52:22.760Z", "user": 1, "content_type": 12, "object_id": "4", "object_repr": "Offrings object (4)", "action_flag": 1, "change_message": "[{\"added\": {}}]"}}, {"model": "admin.logentry", "pk": 17, "fields": {"action_time": "2021-08-08T11:52:52.248Z", "user": 1, "content_type": 12, "object_id": "5", "object_repr": "Offrings object (5)", "action_flag": 1, "change_message": "[{\"added\": {}}]"}}, {"model": "admin.logentry", "pk": 18, "fields": {"action_time": "2021-08-08T11:53:14.905Z", "user": 1, "content_type": 12, "object_id": "6", "object_repr": "Offrings object (6)", "action_flag": 1, "change_message": "[{\"added\": {}}]"}}, {"model": "admin.logentry", "pk": 19, "fields": {"action_time": "2021-08-09T06:51:26.797Z", "user": 1, "content_type": 15, "object_id": "1", "object_repr": "Business Registrations", "action_flag": 1, "change_message": "[{\"added\": {}}]"}}, {"model": "admin.logentry", "pk": 20, "fields": {"action_time": "2021-08-09T06:51:40.523Z", "user": 1, "content_type": 15, "object_id": "2", "object_repr": "Special Entities", "action_flag": 1, "change_message": "[{\"added\": {}}]"}}, {"model": "admin.logentry", "pk": 21, "fields": {"action_time": "2021-08-09T06:51:54.958Z", "user": 1, "content_type": 15, "object_id": "3", "object_repr": "Government & Tax Registration", "action_flag": 1, "change_message": "[{\"added\": {}}]"}}, {"model": "admin.logentry", "pk": 22, "fields": {"action_time": "2021-08-09T06:53:23.368Z", "user": 1, "content_type": 14, "object_id": "1", "object_repr": "PRIVATE LIMITED COMPANY", "action_flag": 1, "change_message": "[{\"added\": {}}]"}}, {"model": "admin.logentry", "pk": 23, "fields": {"action_time": "2021-08-09T06:54:15.211Z", "user": 1, "content_type": 14, "object_id": "2", "object_repr": "LLP(LIMITED LIABILITY PARTNERSHIP)", "action_flag": 1, "change_message": "[{\"added\": {}}]"}}, {"model": "admin.logentry", "pk": 24, "fields": {"action_time": "2021-08-09T06:54:37.103Z", "user": 1, "content_type": 14, "object_id": "3", "object_repr": "PUBLIC LIMITED COMPANY", "action_flag": 1, "change_message": "[{\"added\": {}}]"}}, {"model": "admin.logentry", "pk": 25, "fields": {"action_time": "2021-08-09T06:54:56.936Z", "user": 1, "content_type": 14, "object_id": "4", "object_repr": "ONE PERSON COMPANY", "action_flag": 1, "change_message": "[{\"added\": {}}]"}}, {"model": "admin.logentry", "pk": 26, "fields": {"action_time": "2021-08-09T06:55:33.041Z", "user": 1, "content_type": 14, "object_id": "5", "object_repr": "Partnership Firm", "action_flag": 1, "change_message": "[{\"added\": {}}]"}}, {"model": "admin.logentry", "pk": 27, "fields": {"action_time": "2021-08-09T06:56:03.070Z", "user": 1, "content_type": 14, "object_id": "6", "object_repr": "SOLE PROPRIETORSHIP", "action_flag": 1, "change_message": "[{\"added\": {}}]"}}, {"model": "admin.logentry", "pk": 28, "fields": {"action_time": "2021-08-09T06:56:33.170Z", "user": 1, "content_type": 14, "object_id": "7", "object_repr": "PARTNERSHIP FIRM", "action_flag": 1, "change_message": "[{\"added\": {}}]"}}, {"model": "admin.logentry", "pk": 29, "fields": {"action_time": "2021-08-09T06:56:53.994Z", "user": 1, "content_type": 14, "object_id": "8", "object_repr": "COMPANY REGISTRATION", "action_flag": 1, "change_message": "[{\"added\": {}}]"}}, {"model": "admin.logentry", "pk": 30, "fields": {"action_time": "2021-08-09T06:57:02.894Z", "user": 1, "content_type": 14, "object_id": "9", "object_repr": "COMPANY REGISTRATION IN USA", "action_flag": 1, "change_message": "[{\"added\": {}}]"}}, {"model": "admin.logentry", "pk": 31, "fields": {"action_time": "2021-08-09T06:57:14.110Z", "user": 1, "content_type": 14, "object_id": "10", "object_repr": "COMPANY REGISTRATION IN UK", "action_flag": 1, "change_message": "[{\"added\": {}}]"}}, {"model": "admin.logentry", "pk": 32, "fields": {"action_time": "2021-08-09T06:57:34.279Z", "user": 1, "content_type": 14, "object_id": "11", "object_repr": "MSME REGISTRATION", "action_flag": 1, "change_message": "[{\"added\": {}}]"}}, {"model": "admin.logentry", "pk": 33, "fields": {"action_time": "2021-08-09T06:57:59.936Z", "user": 1, "content_type": 14, "object_id": "12", "object_repr": "SOCIETY REGISTRATION", "action_flag": 1, "change_message": "[{\"added\": {}}]"}}, {"model": "admin.logentry", "pk": 34, "fields": {"action_time": "2021-08-09T06:59:28.795Z", "user": 1, "content_type": 14, "object_id": "13", "object_repr": "SECTION 8 COMPANY (NGO)", "action_flag": 1, "change_message": "[{\"added\": {}}]"}}, {"model": "admin.logentry", "pk": 35, "fields": {"action_time": "2021-08-09T06:59:45.283Z", "user": 1, "content_type": 14, "object_id": "14", "object_repr": "NIDHI COMPANY", "action_flag": 1, "change_message": "[{\"added\": {}}]"}}, {"model": "admin.logentry", "pk": 36, "fields": {"action_time": "2021-08-09T06:59:54.681Z", "user": 1, "content_type": 14, "object_id": "15", "object_repr": "PRODUCER COMPANY", "action_flag": 1, "change_message": "[{\"added\": {}}]"}}, {"model": "admin.logentry", "pk": 37, "fields": {"action_time": "2021-08-09T07:00:05.176Z", "user": 1, "content_type": 14, "object_id": "16", "object_repr": "TRUST REGISTRATION", "action_flag": 1, "change_message": "[{\"added\": {}}]"}}, {"model": "admin.logentry", "pk": 38, "fields": {"action_time": "2021-08-09T07:00:15.441Z", "user": 1, "content_type": 14, "object_id": "17", "object_repr": "RWA REGISTRATION", "action_flag": 1, "change_message": "[{\"added\": {}}]"}}, {"model": "admin.logentry", "pk": 39, "fields": {"action_time": "2021-08-09T07:00:34.458Z", "user": 1, "content_type": 14, "object_id": "18", "object_repr": "12A AND 80G REGISTRATION", "action_flag": 1, "change_message": "[{\"added\": {}}]"}}, {"model": "admin.logentry", "pk": 40, "fields": {"action_time": "2021-08-09T07:00:47.995Z", "user": 1, "content_type": 14, "object_id": "19", "object_repr": "FCRA REGISTRATION", "action_flag": 1, "change_message": "[{\"added\": {}}]"}}, {"model": "admin.logentry", "pk": 41, "fields": {"action_time": "2021-08-09T07:00:58.808Z", "user": 1, "content_type": 14, "object_id": "20", "object_repr": "NGO REGISTRATION", "action_flag": 1, "change_message": "[{\"added\": {}}]"}}, {"model": "admin.logentry", "pk": 42, "fields": {"action_time": "2021-08-09T07:01:26.547Z", "user": 1, "content_type": 14, "object_id": "21", "object_repr": "PROFESSIONAL TAX REGISTRATION", "action_flag": 1, "change_message": "[{\"added\": {}}]"}}, {"model": "admin.logentry", "pk": 43, "fields": {"action_time": "2021-08-09T07:01:36.661Z", "user": 1, "content_type": 14, "object_id": "22", "object_repr": "EXCISE REGISTRATION", "action_flag": 1, "change_message": "[{\"added\": {}}]"}}, {"model": "admin.logentry", "pk": 44, "fields": {"action_time": "2021-08-09T07:01:46.067Z", "user": 1, "content_type": 14, "object_id": "23", "object_repr": "TAN REGISTRATION", "action_flag": 1, "change_message": "[{\"added\": {}}]"}}, {"model": "admin.logentry", "pk": 45, "fields": {"action_time": "2021-08-09T07:01:55.987Z", "user": 1, "content_type": 14, "object_id": "24", "object_repr": "PSARA REGISTRATION", "action_flag": 1, "change_message": "[{\"added\": {}}]"}}, {"model": "admin.logentry", "pk": 46, "fields": {"action_time": "2021-08-09T07:02:03.407Z", "user": 1, "content_type": 14, "object_id": "25", "object_repr": "IMPORT EXPORT CODE", "action_flag": 1, "change_message": "[{\"added\": {}}]"}}, {"model": "admin.logentry", "pk": 47, "fields": {"action_time": "2021-08-09T07:02:17.483Z", "user": 1, "content_type": 14, "object_id": "26", "object_repr": "DIGITAL SIGNATURE CERTIFICATE", "action_flag": 1, "change_message": "[{\"added\": {}}]"}}, {"model": "admin.logentry", "pk": 48, "fields": {"action_time": "2021-08-09T07:02:32.013Z", "user": 1, "content_type": 14, "object_id": "27", "object_repr": "TRADE LICENSE", "action_flag": 1, "change_message": "[{\"added\": {}}]"}}, {"model": "admin.logentry", "pk": 49, "fields": {"action_time": "2021-08-09T07:02:43.565Z", "user": 1, "content_type": 14, "object_id": "28", "object_repr": "FSSAI LICENSE (FOOD LICENSE)", "action_flag": 1, "change_message": "[{\"added\": {}}]"}}, {"model": "admin.logentry", "pk": 50, "fields": {"action_time": "2021-08-09T07:02:52.604Z", "user": 1, "content_type": 14, "object_id": "29", "object_repr": "AYUSH LICENSE", "action_flag": 1, "change_message": "[{\"added\": {}}]"}}, {"model": "admin.logentry", "pk": 51, "fields": {"action_time": "2021-08-09T07:03:01.695Z", "user": 1, "content_type": 14, "object_id": "30", "object_repr": "STPI REGISTRATION", "action_flag": 1, "change_message": "[{\"added\": {}}]"}}, {"model": "admin.logentry", "pk": 52, "fields": {"action_time": "2021-08-09T09:16:06.774Z", "user": 1, "content_type": 13, "object_id": "1", "object_repr": "PRIVATE LIMITED COMPANY", "action_flag": 1, "change_message": "[{\"added\": {}}]"}}, {"model": "admin.logentry", "pk": 53, "fields": {"action_time": "2021-08-09T09:17:06.962Z", "user": 1, "content_type": 13, "object_id": "2", "object_repr": "LLP(LIMITED LIABILITY PARTNERSHIP)", "action_flag": 1, "change_message": "[{\"added\": {}}]"}}, {"model": "admin.logentry", "pk": 54, "fields": {"action_time": "2021-08-09T09:17:38.385Z", "user": 1, "content_type": 13, "object_id": "3", "object_repr": "PUBLIC LIMITED COMPANY", "action_flag": 1, "change_message": "[{\"added\": {}}]"}}, {"model": "admin.logentry", "pk": 55, "fields": {"action_time": "2021-08-09T09:18:16.061Z", "user": 1, "content_type": 13, "object_id": "4", "object_repr": "ONE PERSON COMPANY", "action_flag": 1, "change_message": "[{\"added\": {}}]"}}, {"model": "admin.logentry", "pk": 56, "fields": {"action_time": "2021-08-09T09:20:47.256Z", "user": 1, "content_type": 13, "object_id": "5", "object_repr": "Partnership Firm", "action_flag": 1, "change_message": "[{\"added\": {}}]"}}, {"model": "admin.logentry", "pk": 57, "fields": {"action_time": "2021-08-09T15:25:55.918Z", "user": 1, "content_type": 13, "object_id": "6", "object_repr": "SOLE PROPRIETORSHIP", "action_flag": 1, "change_message": "[{\"added\": {}}]"}}, {"model": "admin.logentry", "pk": 58, "fields": {"action_time": "2021-08-09T15:26:39.643Z", "user": 1, "content_type": 13, "object_id": "7", "object_repr": "PARTNERSHIP FIRM", "action_flag": 1, "change_message": "[{\"added\": {}}]"}}, {"model": "admin.logentry", "pk": 59, "fields": {"action_time": "2021-08-09T15:27:20.339Z", "user": 1, "content_type": 13, "object_id": "8", "object_repr": "COMPANY REGISTRATION", "action_flag": 1, "change_message": "[{\"added\": {}}]"}}, {"model": "admin.logentry", "pk": 60, "fields": {"action_time": "2021-08-09T15:27:46.944Z", "user": 1, "content_type": 13, "object_id": "9", "object_repr": "COMPANY REGISTRATION IN USA", "action_flag": 1, "change_message": "[{\"added\": {}}]"}}, {"model": "admin.logentry", "pk": 61, "fields": {"action_time": "2021-08-09T15:28:33.826Z", "user": 1, "content_type": 13, "object_id": "10", "object_repr": "COMPANY REGISTRATION IN UK", "action_flag": 1, "change_message": "[{\"added\": {}}]"}}, {"model": "admin.logentry", "pk": 62, "fields": {"action_time": "2021-08-09T15:31:19.746Z", "user": 1, "content_type": 13, "object_id": "11", "object_repr": "MSME REGISTRATION", "action_flag": 1, "change_message": "[{\"added\": {}}]"}}, {"model": "admin.logentry", "pk": 63, "fields": {"action_time": "2021-08-09T15:31:47.670Z", "user": 1, "content_type": 13, "object_id": "12", "object_repr": "SOCIETY REGISTRATION", "action_flag": 1, "change_message": "[{\"added\": {}}]"}}, {"model": "admin.logentry", "pk": 64, "fields": {"action_time": "2021-08-09T15:32:15.242Z", "user": 1, "content_type": 13, "object_id": "13", "object_repr": "SECTION 8 COMPANY (NGO)", "action_flag": 1, "change_message": "[{\"added\": {}}]"}}, {"model": "admin.logentry", "pk": 65, "fields": {"action_time": "2021-08-09T15:32:36.840Z", "user": 1, "content_type": 13, "object_id": "14", "object_repr": "NIDHI COMPANY", "action_flag": 1, "change_message": "[{\"added\": {}}]"}}, {"model": "admin.logentry", "pk": 66, "fields": {"action_time": "2021-08-09T15:33:10.807Z", "user": 1, "content_type": 13, "object_id": "15", "object_repr": "PRODUCER COMPANY", "action_flag": 1, "change_message": "[{\"added\": {}}]"}}, {"model": "admin.logentry", "pk": 67, "fields": {"action_time": "2021-08-09T15:33:30.197Z", "user": 1, "content_type": 13, "object_id": "16", "object_repr": "TRUST REGISTRATION", "action_flag": 1, "change_message": "[{\"added\": {}}]"}}, {"model": "admin.logentry", "pk": 68, "fields": {"action_time": "2021-08-09T15:33:55.872Z", "user": 1, "content_type": 13, "object_id": "17", "object_repr": "RWA REGISTRATION", "action_flag": 1, "change_message": "[{\"added\": {}}]"}}, {"model": "admin.logentry", "pk": 69, "fields": {"action_time": "2021-08-09T15:34:24.673Z", "user": 1, "content_type": 13, "object_id": "18", "object_repr": "12A AND 80G REGISTRATION", "action_flag": 1, "change_message": "[{\"added\": {}}]"}}, {"model": "admin.logentry", "pk": 70, "fields": {"action_time": "2021-08-09T15:34:46.424Z", "user": 1, "content_type": 13, "object_id": "19", "object_repr": "FCRA REGISTRATION", "action_flag": 1, "change_message": "[{\"added\": {}}]"}}, {"model": "admin.logentry", "pk": 71, "fields": {"action_time": "2021-08-09T15:35:08.287Z", "user": 1, "content_type": 13, "object_id": "20", "object_repr": "NGO REGISTRATION", "action_flag": 1, "change_message": "[{\"added\": {}}]"}}, {"model": "admin.logentry", "pk": 72, "fields": {"action_time": "2021-08-09T15:35:28.718Z", "user": 1, "content_type": 13, "object_id": "21", "object_repr": "PROFESSIONAL TAX REGISTRATION", "action_flag": 1, "change_message": "[{\"added\": {}}]"}}, {"model": "admin.logentry", "pk": 73, "fields": {"action_time": "2021-08-09T15:35:53.976Z", "user": 1, "content_type": 13, "object_id": "22", "object_repr": "EXCISE REGISTRATION", "action_flag": 1, "change_message": "[{\"added\": {}}]"}}, {"model": "admin.logentry", "pk": 74, "fields": {"action_time": "2021-08-09T15:36:19.299Z", "user": 1, "content_type": 13, "object_id": "23", "object_repr": "TAN REGISTRATION", "action_flag": 1, "change_message": "[{\"added\": {}}]"}}, {"model": "admin.logentry", "pk": 75, "fields": {"action_time": "2021-08-09T15:36:44.057Z", "user": 1, "content_type": 13, "object_id": "24", "object_repr": "PSARA REGISTRATION", "action_flag": 1, "change_message": "[{\"added\": {}}]"}}, {"model": "admin.logentry", "pk": 76, "fields": {"action_time": "2021-08-09T15:37:04.013Z", "user": 1, "content_type": 13, "object_id": "25", "object_repr": "IMPORT EXPORT CODE", "action_flag": 1, "change_message": "[{\"added\": {}}]"}}, {"model": "admin.logentry", "pk": 77, "fields": {"action_time": "2021-08-09T15:37:23.204Z", "user": 1, "content_type": 13, "object_id": "26", "object_repr": "DIGITAL SIGNATURE CERTIFICATE", "action_flag": 1, "change_message": "[{\"added\": {}}]"}}, {"model": "admin.logentry", "pk": 78, "fields": {"action_time": "2021-08-09T15:37:46.577Z", "user": 1, "content_type": 13, "object_id": "27", "object_repr": "TRADE LICENSE", "action_flag": 1, "change_message": "[{\"added\": {}}]"}}, {"model": "admin.logentry", "pk": 79, "fields": {"action_time": "2021-08-09T15:39:40.800Z", "user": 1, "content_type": 13, "object_id": "28", "object_repr": "FSSAI LICENSE (FOOD LICENSE)", "action_flag": 1, "change_message": "[{\"added\": {}}]"}}, {"model": "admin.logentry", "pk": 80, "fields": {"action_time": "2021-08-09T15:40:01.291Z", "user": 1, "content_type": 13, "object_id": "29", "object_repr": "AYUSH LICENSE", "action_flag": 1, "change_message": "[{\"added\": {}}]"}}, {"model": "admin.logentry", "pk": 81, "fields": {"action_time": "2021-08-09T15:40:19.046Z", "user": 1, "content_type": 13, "object_id": "30", "object_repr": "STPI REGISTRATION", "action_flag": 1, "change_message": "[{\"added\": {}}]"}}, {"model": "admin.logentry", "pk": 82, "fields": {"action_time": "2021-08-10T06:13:54.620Z", "user": 1, "content_type": 15, "object_id": "2", "object_repr": "Special Entity", "action_flag": 2, "change_message": "[{\"changed\": {\"fields\": [\"Title\"]}}]"}}, {"model": "admin.logentry", "pk": 83, "fields": {"action_time": "2021-08-10T07:07:36.004Z", "user": 1, "content_type": 16, "object_id": "1", "object_repr": "LLP Annual Filling", "action_flag": 1, "change_message": "[{\"added\": {}}]"}}, {"model": "admin.logentry", "pk": 84, "fields": {"action_time": "2021-08-10T07:07:43.587Z", "user": 1, "content_type": 16, "object_id": "1", "object_repr": "LLP Annual Filling", "action_flag": 2, "change_message": "[]"}}, {"model": "admin.logentry", "pk": 85, "fields": {"action_time": "2021-08-10T07:07:59.857Z", "user": 1, "content_type": 16, "object_id": "2", "object_repr": "Business Tax Return Filling", "action_flag": 1, "change_message": "[{\"added\": {}}]"}}, {"model": "admin.logentry", "pk": 86, "fields": {"action_time": "2021-08-10T07:08:08.712Z", "user": 1, "content_type": 16, "object_id": "3", "object_repr": "TDS Return Filling", "action_flag": 1, "change_message": "[{\"added\": {}}]"}}, {"model": "admin.logentry", "pk": 87, "fields": {"action_time": "2021-08-10T07:08:19.488Z", "user": 1, "content_type": 16, "object_id": "4", "object_repr": "Income Tax Return", "action_flag": 1, "change_message": "[{\"added\": {}}]"}}, {"model": "admin.logentry", "pk": 88, "fields": {"action_time": "2021-08-10T07:42:52.431Z", "user": 1, "content_type": 16, "object_id": "1", "object_repr": "LLP Annual Filling", "action_flag": 2, "change_message": "[{\"changed\": {\"fields\": [\"Tagline\"]}}]"}}, {"model": "admin.logentry", "pk": 89, "fields": {"action_time": "2021-08-10T07:43:15.355Z", "user": 1, "content_type": 16, "object_id": "4", "object_repr": "Income Tax Return", "action_flag": 2, "change_message": "[{\"changed\": {\"fields\": [\"Tagline\"]}}]"}}, {"model": "admin.logentry", "pk": 90, "fields": {"action_time": "2021-08-10T07:43:30.962Z", "user": 1, "content_type": 16, "object_id": "3", "object_repr": "TDS Return Filling", "action_flag": 2, "change_message": "[{\"changed\": {\"fields\": [\"Tagline\"]}}]"}}, {"model": "admin.logentry", "pk": 91, "fields": {"action_time": "2021-08-10T07:43:32.562Z", "user": 1, "content_type": 16, "object_id": "3", "object_repr": "TDS Return Filling", "action_flag": 2, "change_message": "[]"}}, {"model": "admin.logentry", "pk": 92, "fields": {"action_time": "2021-08-10T07:43:49.851Z", "user": 1, "content_type": 16, "object_id": "2", "object_repr": "Business Tax Return Filling", "action_flag": 2, "change_message": "[{\"changed\": {\"fields\": [\"Tagline\"]}}]"}}, {"model": "admin.logentry", "pk": 93, "fields": {"action_time": "2021-08-10T09:23:50.429Z", "user": 1, "content_type": 13, "object_id": "30", "object_repr": "STPI REGISTRATION", "action_flag": 2, "change_message": "[{\"changed\": {\"fields\": [\"Heading1\", \"Heading1ans\", \"Heading2\", \"Heading2ans\"]}}]"}}, {"model": "admin.logentry", "pk": 94, "fields": {"action_time": "2021-08-10T09:24:01.263Z", "user": 1, "content_type": 13, "object_id": "30", "object_repr": "STPI REGISTRATION", "action_flag": 2, "change_message": "[]"}}, {"model": "admin.logentry", "pk": 95, "fields": {"action_time": "2021-08-10T09:24:51.252Z", "user": 1, "content_type": 13, "object_id": "1", "object_repr": "PRIVATE LIMITED COMPANY", "action_flag": 2, "change_message": "[{\"changed\": {\"fields\": [\"Heading1\", \"Heading1ans\", \"Heading2\", \"Heading2ans\"]}}]"}}, {"model": "admin.logentry", "pk": 96, "fields": {"action_time": "2021-08-10T10:03:22.913Z", "user": 1, "content_type": 18, "object_id": "1", "object_repr": "TitleSlideDetails object (1)", "action_flag": 1, "change_message": "[{\"added\": {}}]"}}, {"model": "admin.logentry", "pk": 97, "fields": {"action_time": "2021-08-10T10:03:31.830Z", "user": 1, "content_type": 18, "object_id": "2", "object_repr": "TitleSlideDetails object (2)", "action_flag": 1, "change_message": "[{\"added\": {}}]"}}, {"model": "admin.logentry", "pk": 98, "fields": {"action_time": "2021-08-10T10:03:41.647Z", "user": 1, "content_type": 18, "object_id": "3", "object_repr": "TitleSlideDetails object (3)", "action_flag": 1, "change_message": "[{\"added\": {}}]"}}, {"model": "admin.logentry", "pk": 99, "fields": {"action_time": "2021-08-10T10:03:57.486Z", "user": 1, "content_type": 18, "object_id": "4", "object_repr": "TitleSlideDetails object (4)", "action_flag": 1, "change_message": "[{\"added\": {}}]"}}, {"model": "admin.logentry", "pk": 100, "fields": {"action_time": "2021-08-10T10:04:08.142Z", "user": 1, "content_type": 18, "object_id": "5", "object_repr": "TitleSlideDetails object (5)", "action_flag": 1, "change_message": "[{\"added\": {}}]"}}, {"model": "admin.logentry", "pk": 101, "fields": {"action_time": "2021-08-10T10:04:16.314Z", "user": 1, "content_type": 18, "object_id": "6", "object_repr": "TitleSlideDetails object (6)", "action_flag": 1, "change_message": "[{\"added\": {}}]"}}, {"model": "admin.logentry", "pk": 102, "fields": {"action_time": "2021-08-10T10:04:23.439Z", "user": 1, "content_type": 18, "object_id": "7", "object_repr": "TitleSlideDetails object (7)", "action_flag": 1, "change_message": "[{\"added\": {}}]"}}, {"model": "admin.logentry", "pk": 103, "fields": {"action_time": "2021-08-10T10:38:50.949Z", "user": 1, "content_type": 18, "object_id": "3", "object_repr": "TitleSlideDetails object (3)", "action_flag": 2, "change_message": "[{\"changed\": {\"fields\": [\"Heading1\", \"Heading1 details\"]}}]"}}, {"model": "admin.logentry", "pk": 104, "fields": {"action_time": "2021-08-10T10:40:45.518Z", "user": 1, "content_type": 18, "object_id": "2", "object_repr": "TitleSlideDetails object (2)", "action_flag": 2, "change_message": "[{\"changed\": {\"fields\": [\"Heading1\"]}}]"}}, {"model": "admin.logentry", "pk": 105, "fields": {"action_time": "2021-08-10T10:42:48.500Z", "user": 1, "content_type": 18, "object_id": "4", "object_repr": "TitleSlideDetails object (4)", "action_flag": 2, "change_message": "[{\"changed\": {\"fields\": [\"Heading1\", \"Heading1 details\"]}}]"}}, {"model": "admin.logentry", "pk": 106, "fields": {"action_time": "2021-08-10T10:43:53.595Z", "user": 1, "content_type": 18, "object_id": "5", "object_repr": "TitleSlideDetails object (5)", "action_flag": 2, "change_message": "[{\"changed\": {\"fields\": [\"Heading1\", \"Heading1 details\", \"Heading2\", \"Heading2 details\"]}}]"}}, {"model": "admin.logentry", "pk": 107, "fields": {"action_time": "2021-08-10T10:45:31.648Z", "user": 1, "content_type": 18, "object_id": "7", "object_repr": "TitleSlideDetails object (7)", "action_flag": 2, "change_message": "[{\"changed\": {\"fields\": [\"Heading1\", \"Heading1 details\"]}}]"}}, {"model": "admin.logentry", "pk": 108, "fields": {"action_time": "2021-08-10T11:10:23.226Z", "user": 1, "content_type": 18, "object_id": "1", "object_repr": "TitleSlideDetails object (1)", "action_flag": 2, "change_message": "[{\"changed\": {\"fields\": [\"Heading1\"]}}]"}}, {"model": "admin.logentry", "pk": 109, "fields": {"action_time": "2021-08-10T12:39:51.416Z", "user": 1, "content_type": 22, "object_id": "1", "object_repr": "FAQ object (1)", "action_flag": 1, "change_message": "[{\"added\": {}}]"}}, {"model": "admin.logentry", "pk": 110, "fields": {"action_time": "2021-08-10T12:40:12.832Z", "user": 1, "content_type": 22, "object_id": "2", "object_repr": "FAQ object (2)", "action_flag": 1, "change_message": "[{\"added\": {}}]"}}, {"model": "admin.logentry", "pk": 111, "fields": {"action_time": "2021-08-10T12:40:34.558Z", "user": 1, "content_type": 22, "object_id": "3", "object_repr": "FAQ object (3)", "action_flag": 1, "change_message": "[{\"added\": {}}]"}}, {"model": "admin.logentry", "pk": 112, "fields": {"action_time": "2021-08-10T12:40:51.919Z", "user": 1, "content_type": 22, "object_id": "4", "object_repr": "FAQ object (4)", "action_flag": 1, "change_message": "[{\"added\": {}}]"}}, {"model": "admin.logentry", "pk": 113, "fields": {"action_time": "2021-08-10T12:40:53.351Z", "user": 1, "content_type": 22, "object_id": "5", "object_repr": "FAQ object (5)", "action_flag": 1, "change_message": "[{\"added\": {}}]"}}, {"model": "admin.logentry", "pk": 114, "fields": {"action_time": "2021-08-11T04:21:24.985Z", "user": 1, "content_type": 19, "object_id": "1", "object_repr": "AboutRegistraionSubMenu object (1)", "action_flag": 1, "change_message": "[{\"added\": {}}]"}}, {"model": "admin.logentry", "pk": 115, "fields": {"action_time": "2021-08-11T04:36:11.429Z", "user": 1, "content_type": 20, "object_id": "1", "object_repr": "CompanyRegisterDetails object (1)", "action_flag": 1, "change_message": "[{\"added\": {}}]"}}, {"model": "admin.logentry", "pk": 116, "fields": {"action_time": "2021-08-11T04:36:54.728Z", "user": 1, "content_type": 21, "object_id": "1", "object_repr": "DocumentRequired object (1)", "action_flag": 1, "change_message": "[{\"added\": {}}]"}}, {"model": "admin.logentry", "pk": 117, "fields": {"action_time": "2021-08-11T04:37:24.875Z", "user": 1, "content_type": 23, "object_id": "1", "object_repr": "Memorandum object (1)", "action_flag": 1, "change_message": "[{\"added\": {}}]"}}, {"model": "admin.logentry", "pk": 118, "fields": {"action_time": "2021-08-11T06:03:07.270Z", "user": 1, "content_type": 24, "object_id": "1", "object_repr": "PackageIncluded object (1)", "action_flag": 1, "change_message": "[{\"added\": {}}]"}}, {"model": "admin.logentry", "pk": 119, "fields": {"action_time": "2021-08-11T06:03:19.272Z", "user": 1, "content_type": 24, "object_id": "2", "object_repr": "PackageIncluded object (2)", "action_flag": 1, "change_message": "[{\"added\": {}}]"}}, {"model": "admin.logentry", "pk": 120, "fields": {"action_time": "2021-08-11T06:03:38.222Z", "user": 1, "content_type": 24, "object_id": "3", "object_repr": "PackageIncluded object (3)", "action_flag": 1, "change_message": "[{\"added\": {}}]"}}, {"model": "admin.logentry", "pk": 121, "fields": {"action_time": "2021-08-11T06:03:44.566Z", "user": 1, "content_type": 24, "object_id": "4", "object_repr": "PackageIncluded object (4)", "action_flag": 1, "change_message": "[{\"added\": {}}]"}}, {"model": "admin.logentry", "pk": 122, "fields": {"action_time": "2021-08-11T06:21:17.629Z", "user": 1, "content_type": 26, "object_id": "1", "object_repr": "Sainification object (1)", "action_flag": 1, "change_message": "[{\"added\": {}}]"}}, {"model": "admin.logentry", "pk": 123, "fields": {"action_time": "2021-08-11T06:22:03.543Z", "user": 1, "content_type": 26, "object_id": "1", "object_repr": "Sainification object (1)", "action_flag": 2, "change_message": "[{\"changed\": {\"fields\": [\"Content1\"]}}]"}}, {"model": "admin.logentry", "pk": 124, "fields": {"action_time": "2021-08-11T06:22:23.240Z", "user": 1, "content_type": 26, "object_id": "1", "object_repr": "Sainification object (1)", "action_flag": 2, "change_message": "[]"}}, {"model": "admin.logentry", "pk": 125, "fields": {"action_time": "2021-08-11T06:22:34.909Z", "user": 1, "content_type": 26, "object_id": "1", "object_repr": "Sainification object (1)", "action_flag": 2, "change_message": "[]"}}, {"model": "admin.logentry", "pk": 126, "fields": {"action_time": "2021-08-11T06:32:02.930Z", "user": 1, "content_type": 26, "object_id": "1", "object_repr": "Sainification object (1)", "action_flag": 2, "change_message": "[{\"changed\": {\"fields\": [\"Content1\"]}}]"}}, {"model": "admin.logentry", "pk": 127, "fields": {"action_time": "2021-08-11T06:32:15.581Z", "user": 1, "content_type": 26, "object_id": "1", "object_repr": "Sainification object (1)", "action_flag": 2, "change_message": "[{\"changed\": {\"fields\": [\"Content2\"]}}]"}}, {"model": "admin.logentry", "pk": 128, "fields": {"action_time": "2021-08-11T06:33:32.902Z", "user": 1, "content_type": 26, "object_id": "1", "object_repr": "Sainification object (1)", "action_flag": 2, "change_message": "[]"}}, {"model": "admin.logentry", "pk": 129, "fields": {"action_time": "2021-08-11T06:42:06.321Z", "user": 1, "content_type": 17, "object_id": "1", "object_repr": "TitleSlide object (1)", "action_flag": 1, "change_message": "[{\"added\": {}}]"}}, {"model": "admin.logentry", "pk": 130, "fields": {"action_time": "2021-08-11T07:00:11.282Z", "user": 1, "content_type": 24, "object_id": "4", "object_repr": "PackageIncluded object (4)", "action_flag": 2, "change_message": "[{\"changed\": {\"fields\": [\"Image\"]}}]"}}, {"model": "admin.logentry", "pk": 131, "fields": {"action_time": "2021-08-11T07:00:23.161Z", "user": 1, "content_type": 24, "object_id": "2", "object_repr": "PackageIncluded object (2)", "action_flag": 2, "change_message": "[{\"changed\": {\"fields\": [\"Image\"]}}]"}}, {"model": "admin.logentry", "pk": 132, "fields": {"action_time": "2021-08-11T07:00:34.760Z", "user": 1, "content_type": 24, "object_id": "3", "object_repr": "PackageIncluded object (3)", "action_flag": 2, "change_message": "[{\"changed\": {\"fields\": [\"Image\"]}}]"}}, {"model": "admin.logentry", "pk": 133, "fields": {"action_time": "2021-08-11T07:00:40.724Z", "user": 1, "content_type": 24, "object_id": "4", "object_repr": "PackageIncluded object (4)", "action_flag": 2, "change_message": "[]"}}, {"model": "admin.logentry", "pk": 134, "fields": {"action_time": "2021-08-11T07:41:14.669Z", "user": 1, "content_type": 19, "object_id": "2", "object_repr": "AboutRegistraionSubMenu object (2)", "action_flag": 1, "change_message": "[{\"added\": {}}]"}}, {"model": "admin.logentry", "pk": 135, "fields": {"action_time": "2021-08-11T07:53:23.817Z", "user": 1, "content_type": 25, "object_id": "1", "object_repr": "Procedure object (1)", "action_flag": 1, "change_message": "[{\"added\": {}}]"}}, {"model": "admin.logentry", "pk": 136, "fields": {"action_time": "2021-08-11T07:53:41.280Z", "user": 1, "content_type": 25, "object_id": "2", "object_repr": "Procedure object (2)", "action_flag": 1, "change_message": "[{\"added\": {}}]"}}, {"model": "admin.logentry", "pk": 137, "fields": {"action_time": "2021-08-11T07:53:56.503Z", "user": 1, "content_type": 25, "object_id": "3", "object_repr": "Procedure object (3)", "action_flag": 1, "change_message": "[{\"added\": {}}]"}}, {"model": "admin.logentry", "pk": 138, "fields": {"action_time": "2021-08-11T07:54:13.731Z", "user": 1, "content_type": 25, "object_id": "4", "object_repr": "Procedure object (4)", "action_flag": 1, "change_message": "[{\"added\": {}}]"}}, {"model": "admin.logentry", "pk": 139, "fields": {"action_time": "2021-08-11T07:54:31.996Z", "user": 1, "content_type": 25, "object_id": "5", "object_repr": "Procedure object (5)", "action_flag": 1, "change_message": "[{\"added\": {}}]"}}, {"model": "admin.logentry", "pk": 140, "fields": {"action_time": "2021-08-11T10:03:07.492Z", "user": 1, "content_type": 24, "object_id": "1", "object_repr": "PackageIncluded object (1)", "action_flag": 2, "change_message": "[{\"changed\": {\"fields\": [\"Image\"]}}]"}}, {"model": "admin.logentry", "pk": 141, "fields": {"action_time": "2021-08-11T10:21:26.160Z", "user": 1, "content_type": 25, "object_id": "5", "object_repr": "Procedure object (5)", "action_flag": 2, "change_message": "[{\"changed\": {\"fields\": [\"Image\"]}}]"}}, {"model": "admin.logentry", "pk": 142, "fields": {"action_time": "2021-08-11T10:21:34.263Z", "user": 1, "content_type": 25, "object_id": "4", "object_repr": "Procedure object (4)", "action_flag": 2, "change_message": "[{\"changed\": {\"fields\": [\"Image\"]}}]"}}, {"model": "admin.logentry", "pk": 143, "fields": {"action_time": "2021-08-11T10:21:42.646Z", "user": 1, "content_type": 25, "object_id": "3", "object_repr": "Procedure object (3)", "action_flag": 2, "change_message": "[{\"changed\": {\"fields\": [\"Image\"]}}]"}}, {"model": "admin.logentry", "pk": 144, "fields": {"action_time": "2021-08-11T10:21:53.502Z", "user": 1, "content_type": 25, "object_id": "2", "object_repr": "Procedure object (2)", "action_flag": 2, "change_message": "[{\"changed\": {\"fields\": [\"Image\"]}}]"}}, {"model": "admin.logentry", "pk": 145, "fields": {"action_time": "2021-08-11T10:22:02.035Z", "user": 1, "content_type": 25, "object_id": "1", "object_repr": "Procedure object (1)", "action_flag": 2, "change_message": "[{\"changed\": {\"fields\": [\"Image\"]}}]"}}, {"model": "admin.logentry", "pk": 146, "fields": {"action_time": "2021-08-11T10:42:11.816Z", "user": 1, "content_type": 22, "object_id": "5", "object_repr": "FAQ object (5)", "action_flag": 2, "change_message": "[{\"changed\": {\"fields\": [\"Content\"]}}]"}}, {"model": "admin.logentry", "pk": 147, "fields": {"action_time": "2021-08-11T10:42:26.021Z", "user": 1, "content_type": 22, "object_id": "5", "object_repr": "FAQ object (5)", "action_flag": 2, "change_message": "[]"}}, {"model": "admin.logentry", "pk": 148, "fields": {"action_time": "2021-08-11T10:43:24.130Z", "user": 1, "content_type": 22, "object_id": "4", "object_repr": "FAQ object (4)", "action_flag": 2, "change_message": "[{\"changed\": {\"fields\": [\"Heading\", \"Content\"]}}]"}}, {"model": "admin.logentry", "pk": 149, "fields": {"action_time": "2021-08-11T10:43:54.959Z", "user": 1, "content_type": 22, "object_id": "5", "object_repr": "FAQ object (5)", "action_flag": 3, "change_message": ""}}, {"model": "admin.logentry", "pk": 150, "fields": {"action_time": "2021-08-11T11:53:43.609Z", "user": 2, "content_type": 26, "object_id": "1", "object_repr": "Sainification object (1)", "action_flag": 2, "change_message": "[{\"changed\": {\"fields\": [\"Content2\"]}}]"}}, {"model": "admin.logentry", "pk": 151, "fields": {"action_time": "2021-08-11T12:21:37.250Z", "user": 2, "content_type": 26, "object_id": "1", "object_repr": "Sainification object (1)", "action_flag": 2, "change_message": "[{\"changed\": {\"fields\": [\"Content2\"]}}]"}}, {"model": "admin.logentry", "pk": 152, "fields": {"action_time": "2021-08-11T12:23:35.334Z", "user": 2, "content_type": 26, "object_id": "1", "object_repr": "Sainification object (1)", "action_flag": 2, "change_message": "[{\"changed\": {\"fields\": [\"Content2\"]}}]"}}, {"model": "admin.logentry", "pk": 153, "fields": {"action_time": "2021-08-11T12:25:31.582Z", "user": 2, "content_type": 26, "object_id": "1", "object_repr": "Sainification object (1)", "action_flag": 2, "change_message": "[{\"changed\": {\"fields\": [\"Content2\"]}}]"}}, {"model": "admin.logentry", "pk": 154, "fields": {"action_time": "2021-08-11T12:26:06.459Z", "user": 2, "content_type": 26, "object_id": "1", "object_repr": "Sainification object (1)", "action_flag": 2, "change_message": "[{\"changed\": {\"fields\": [\"Content2\"]}}]"}}, {"model": "admin.logentry", "pk": 155, "fields": {"action_time": "2021-08-11T12:27:34.689Z", "user": 2, "content_type": 26, "object_id": "1", "object_repr": "Sainification object (1)", "action_flag": 2, "change_message": "[{\"changed\": {\"fields\": [\"Content2\"]}}]"}}, {"model": "admin.logentry", "pk": 156, "fields": {"action_time": "2021-08-11T12:28:38.290Z", "user": 2, "content_type": 26, "object_id": "1", "object_repr": "Sainification object (1)", "action_flag": 2, "change_message": "[{\"changed\": {\"fields\": [\"Content2\"]}}]"}}, {"model": "admin.logentry", "pk": 157, "fields": {"action_time": "2021-08-11T12:29:33.009Z", "user": 2, "content_type": 26, "object_id": "1", "object_repr": "Sainification object (1)", "action_flag": 2, "change_message": "[{\"changed\": {\"fields\": [\"Content2\"]}}]"}}, {"model": "admin.logentry", "pk": 158, "fields": {"action_time": "2021-08-11T12:30:54.177Z", "user": 2, "content_type": 26, "object_id": "1", "object_repr": "Sainification object (1)", "action_flag": 2, "change_message": "[{\"changed\": {\"fields\": [\"Content2\"]}}]"}}, {"model": "admin.logentry", "pk": 159, "fields": {"action_time": "2021-08-11T12:31:54.567Z", "user": 2, "content_type": 26, "object_id": "1", "object_repr": "Sainification object (1)", "action_flag": 2, "change_message": "[{\"changed\": {\"fields\": [\"Content2\"]}}]"}}, {"model": "admin.logentry", "pk": 160, "fields": {"action_time": "2021-08-11T12:38:34.791Z", "user": 2, "content_type": 19, "object_id": "1", "object_repr": "AboutRegistraionSubMenu object (1)", "action_flag": 2, "change_message": "[{\"changed\": {\"fields\": [\"Heading1 details\", \"Heading2 details\"]}}]"}}, {"model": "admin.logentry", "pk": 161, "fields": {"action_time": "2021-08-12T05:48:18.113Z", "user": 2, "content_type": 19, "object_id": "1", "object_repr": "AboutRegistraionSubMenu object (1)", "action_flag": 2, "change_message": "[{\"changed\": {\"fields\": [\"Heading2 details\"]}}]"}}, {"model": "admin.logentry", "pk": 162, "fields": {"action_time": "2021-08-12T05:50:07.446Z", "user": 2, "content_type": 19, "object_id": "1", "object_repr": "AboutRegistraionSubMenu object (1)", "action_flag": 2, "change_message": "[]"}}, {"model": "admin.logentry", "pk": 163, "fields": {"action_time": "2021-08-12T05:52:52.940Z", "user": 2, "content_type": 19, "object_id": "1", "object_repr": "AboutRegistraionSubMenu object (1)", "action_flag": 2, "change_message": "[{\"changed\": {\"fields\": [\"Heading2 details\"]}}]"}}, {"model": "admin.logentry", "pk": 164, "fields": {"action_time": "2021-08-12T05:53:18.786Z", "user": 2, "content_type": 19, "object_id": "1", "object_repr": "AboutRegistraionSubMenu object (1)", "action_flag": 2, "change_message": "[{\"changed\": {\"fields\": [\"Heading2 details\"]}}]"}}, {"model": "admin.logentry", "pk": 165, "fields": {"action_time": "2021-08-12T06:02:31.557Z", "user": 2, "content_type": 19, "object_id": "1", "object_repr": "AboutRegistraionSubMenu object (1)", "action_flag": 2, "change_message": "[{\"changed\": {\"fields\": [\"Heading2 details\"]}}]"}}, {"model": "admin.logentry", "pk": 166, "fields": {"action_time": "2021-08-12T06:09:48.876Z", "user": 2, "content_type": 21, "object_id": "1", "object_repr": "DocumentRequired object (1)", "action_flag": 2, "change_message": "[{\"changed\": {\"fields\": [\"Content\"]}}]"}}, {"model": "admin.logentry", "pk": 167, "fields": {"action_time": "2021-08-12T06:11:40.958Z", "user": 2, "content_type": 21, "object_id": "1", "object_repr": "DocumentRequired object (1)", "action_flag": 2, "change_message": "[]"}}, {"model": "admin.logentry", "pk": 168, "fields": {"action_time": "2021-08-12T06:12:24.644Z", "user": 2, "content_type": 21, "object_id": "1", "object_repr": "DocumentRequired object (1)", "action_flag": 2, "change_message": "[]"}}, {"model": "admin.logentry", "pk": 169, "fields": {"action_time": "2021-08-12T06:12:49.581Z", "user": 2, "content_type": 21, "object_id": "1", "object_repr": "DocumentRequired object (1)", "action_flag": 2, "change_message": "[{\"changed\": {\"fields\": [\"Content\"]}}]"}}, {"model": "admin.logentry", "pk": 170, "fields": {"action_time": "2021-08-12T06:13:19.011Z", "user": 2, "content_type": 21, "object_id": "1", "object_repr": "DocumentRequired object (1)", "action_flag": 2, "change_message": "[{\"changed\": {\"fields\": [\"Content\"]}}]"}}, {"model": "admin.logentry", "pk": 171, "fields": {"action_time": "2021-08-12T06:13:36.020Z", "user": 2, "content_type": 21, "object_id": "1", "object_repr": "DocumentRequired object (1)", "action_flag": 2, "change_message": "[{\"changed\": {\"fields\": [\"Content\"]}}]"}}, {"model": "admin.logentry", "pk": 172, "fields": {"action_time": "2021-08-12T06:13:57.541Z", "user": 2, "content_type": 21, "object_id": "1", "object_repr": "DocumentRequired object (1)", "action_flag": 2, "change_message": "[{\"changed\": {\"fields\": [\"Content\"]}}]"}}, {"model": "admin.logentry", "pk": 173, "fields": {"action_time": "2021-08-12T06:14:10.542Z", "user": 2, "content_type": 21, "object_id": "1", "object_repr": "DocumentRequired object (1)", "action_flag": 2, "change_message": "[{\"changed\": {\"fields\": [\"Content\"]}}]"}}, {"model": "admin.logentry", "pk": 174, "fields": {"action_time": "2021-08-12T06:25:14.825Z", "user": 2, "content_type": 25, "object_id": "5", "object_repr": "Procedure object (5)", "action_flag": 3, "change_message": ""}}, {"model": "admin.logentry", "pk": 175, "fields": {"action_time": "2021-08-12T06:28:06.140Z", "user": 2, "content_type": 25, "object_id": "6", "object_repr": "Procedure object (6)", "action_flag": 1, "change_message": "[{\"added\": {}}]"}}, {"model": "admin.logentry", "pk": 176, "fields": {"action_time": "2021-08-12T06:43:22.097Z", "user": 2, "content_type": 24, "object_id": "4", "object_repr": "PackageIncluded object (4)", "action_flag": 2, "change_message": "[]"}}, {"model": "admin.logentry", "pk": 177, "fields": {"action_time": "2021-08-12T06:54:50.233Z", "user": 2, "content_type": 20, "object_id": "1", "object_repr": "CompanyRegisterRequirements object (1)", "action_flag": 2, "change_message": "[{\"changed\": {\"fields\": [\"Content1\", \"Content2\"]}}]"}}, {"model": "admin.logentry", "pk": 178, "fields": {"action_time": "2021-08-12T07:02:52.095Z", "user": 2, "content_type": 26, "object_id": "1", "object_repr": "Sainification object (1)", "action_flag": 2, "change_message": "[{\"changed\": {\"fields\": [\"Heading1\", \"Content2\"]}}]"}}, {"model": "admin.logentry", "pk": 179, "fields": {"action_time": "2021-08-12T07:04:50.379Z", "user": 2, "content_type": 26, "object_id": "1", "object_repr": "Sainification object (1)", "action_flag": 2, "change_message": "[{\"changed\": {\"fields\": [\"Content2\"]}}]"}}, {"model": "admin.logentry", "pk": 180, "fields": {"action_time": "2021-08-12T07:05:08.305Z", "user": 2, "content_type": 26, "object_id": "1", "object_repr": "Sainification object (1)", "action_flag": 2, "change_message": "[{\"changed\": {\"fields\": [\"Content2\"]}}]"}}, {"model": "admin.logentry", "pk": 181, "fields": {"action_time": "2021-08-12T07:11:29.500Z", "user": 2, "content_type": 22, "object_id": "1", "object_repr": "FAQ object (1)", "action_flag": 2, "change_message": "[{\"changed\": {\"fields\": [\"Content\"]}}]"}}, {"model": "admin.logentry", "pk": 182, "fields": {"action_time": "2021-08-12T07:11:43.504Z", "user": 2, "content_type": 22, "object_id": "2", "object_repr": "FAQ object (2)", "action_flag": 2, "change_message": "[{\"changed\": {\"fields\": [\"Content\"]}}]"}}, {"model": "admin.logentry", "pk": 183, "fields": {"action_time": "2021-08-12T07:12:02.203Z", "user": 2, "content_type": 22, "object_id": "3", "object_repr": "FAQ object (3)", "action_flag": 2, "change_message": "[{\"changed\": {\"fields\": [\"Content\"]}}]"}}, {"model": "admin.logentry", "pk": 184, "fields": {"action_time": "2021-08-12T07:12:16.679Z", "user": 2, "content_type": 22, "object_id": "4", "object_repr": "FAQ object (4)", "action_flag": 2, "change_message": "[{\"changed\": {\"fields\": [\"Content\"]}}]"}}, {"model": "admin.logentry", "pk": 185, "fields": {"action_time": "2021-08-13T10:02:57.230Z", "user": 2, "content_type": 27, "object_id": "4", "object_repr": "sections object (4)", "action_flag": 3, "change_message": ""}}, {"model": "admin.logentry", "pk": 186, "fields": {"action_time": "2021-08-13T10:02:57.256Z", "user": 2, "content_type": 27, "object_id": "3", "object_repr": "sections object (3)", "action_flag": 3, "change_message": ""}}, {"model": "admin.logentry", "pk": 187, "fields": {"action_time": "2021-08-13T10:02:57.280Z", "user": 2, "content_type": 27, "object_id": "2", "object_repr": "sections object (2)", "action_flag": 3, "change_message": ""}}, {"model": "admin.logentry", "pk": 188, "fields": {"action_time": "2021-08-13T10:02:57.309Z", "user": 2, "content_type": 27, "object_id": "1", "object_repr": "sections object (1)", "action_flag": 3, "change_message": ""}}, {"model": "admin.logentry", "pk": 189, "fields": {"action_time": "2021-08-13T11:33:53.957Z", "user": 2, "content_type": 25, "object_id": "7", "object_repr": "Procedure object (7)", "action_flag": 3, "change_message": ""}}, {"model": "auth.permission", "pk": 1, "fields": {"name": "Can add log entry", "content_type": 1, "codename": "add_logentry"}}, {"model": "auth.permission", "pk": 2, "fields": {"name": "Can change log entry", "content_type": 1, "codename": "change_logentry"}}, {"model": "auth.permission", "pk": 3, "fields": {"name": "Can delete log entry", "content_type": 1, "codename": "delete_logentry"}}, {"model": "auth.permission", "pk": 4, "fields": {"name": "Can view log entry", "content_type": 1, "codename": "view_logentry"}}, {"model": "auth.permission", "pk": 5, "fields": {"name": "Can add permission", "content_type": 2, "codename": "add_permission"}}, {"model": "auth.permission", "pk": 6, "fields": {"name": "Can change permission", "content_type": 2, "codename": "change_permission"}}, {"model": "auth.permission", "pk": 7, "fields": {"name": "Can delete permission", "content_type": 2, "codename": "delete_permission"}}, {"model": "auth.permission", "pk": 8, "fields": {"name": "Can view permission", "content_type": 2, "codename": "view_permission"}}, {"model": "auth.permission", "pk": 9, "fields": {"name": "Can add group", "content_type": 3, "codename": "add_group"}}, {"model": "auth.permission", "pk": 10, "fields": {"name": "Can change group", "content_type": 3, "codename": "change_group"}}, {"model": "auth.permission", "pk": 11, "fields": {"name": "Can delete group", "content_type": 3, "codename": "delete_group"}}, {"model": "auth.permission", "pk": 12, "fields": {"name": "Can view group", "content_type": 3, "codename": "view_group"}}, {"model": "auth.permission", "pk": 13, "fields": {"name": "Can add user", "content_type": 4, "codename": "add_user"}}, {"model": "auth.permission", "pk": 14, "fields": {"name": "Can change user", "content_type": 4, "codename": "change_user"}}, {"model": "auth.permission", "pk": 15, "fields": {"name": "Can delete user", "content_type": 4, "codename": "delete_user"}}, {"model": "auth.permission", "pk": 16, "fields": {"name": "Can view user", "content_type": 4, "codename": "view_user"}}, {"model": "auth.permission", "pk": 17, "fields": {"name": "Can add content type", "content_type": 5, "codename": "add_contenttype"}}, {"model": "auth.permission", "pk": 18, "fields": {"name": "Can change content type", "content_type": 5, "codename": "change_contenttype"}}, {"model": "auth.permission", "pk": 19, "fields": {"name": "Can delete content type", "content_type": 5, "codename": "delete_contenttype"}}, {"model": "auth.permission", "pk": 20, "fields": {"name": "Can view content type", "content_type": 5, "codename": "view_contenttype"}}, {"model": "auth.permission", "pk": 21, "fields": {"name": "Can add session", "content_type": 6, "codename": "add_session"}}, {"model": "auth.permission", "pk": 22, "fields": {"name": "Can change session", "content_type": 6, "codename": "change_session"}}, {"model": "auth.permission", "pk": 23, "fields": {"name": "Can delete session", "content_type": 6, "codename": "delete_session"}}, {"model": "auth.permission", "pk": 24, "fields": {"name": "Can view session", "content_type": 6, "codename": "view_session"}}, {"model": "auth.permission", "pk": 25, "fields": {"name": "Can add blog news", "content_type": 7, "codename": "add_blognews"}}, {"model": "auth.permission", "pk": 26, "fields": {"name": "Can change blog news", "content_type": 7, "codename": "change_blognews"}}, {"model": "auth.permission", "pk": 27, "fields": {"name": "Can delete blog news", "content_type": 7, "codename": "delete_blognews"}}, {"model": "auth.permission", "pk": 28, "fields": {"name": "Can view blog news", "content_type": 7, "codename": "view_blognews"}}, {"model": "auth.permission", "pk": 29, "fields": {"name": "Can add business query", "content_type": 8, "codename": "add_businessquery"}}, {"model": "auth.permission", "pk": 30, "fields": {"name": "Can change business query", "content_type": 8, "codename": "change_businessquery"}}, {"model": "auth.permission", "pk": 31, "fields": {"name": "Can delete business query", "content_type": 8, "codename": "delete_businessquery"}}, {"model": "auth.permission", "pk": 32, "fields": {"name": "Can view business query", "content_type": 8, "codename": "view_businessquery"}}, {"model": "auth.permission", "pk": 33, "fields": {"name": "Can add due date reminder", "content_type": 9, "codename": "add_duedatereminder"}}, {"model": "auth.permission", "pk": 34, "fields": {"name": "Can change due date reminder", "content_type": 9, "codename": "change_duedatereminder"}}, {"model": "auth.permission", "pk": 35, "fields": {"name": "Can delete due date reminder", "content_type": 9, "codename": "delete_duedatereminder"}}, {"model": "auth.permission", "pk": 36, "fields": {"name": "Can view due date reminder", "content_type": 9, "codename": "view_duedatereminder"}}, {"model": "auth.permission", "pk": 37, "fields": {"name": "Can add news", "content_type": 10, "codename": "add_news"}}, {"model": "auth.permission", "pk": 38, "fields": {"name": "Can change news", "content_type": 10, "codename": "change_news"}}, {"model": "auth.permission", "pk": 39, "fields": {"name": "Can delete news", "content_type": 10, "codename": "delete_news"}}, {"model": "auth.permission", "pk": 40, "fields": {"name": "Can view news", "content_type": 10, "codename": "view_news"}}, {"model": "auth.permission", "pk": 41, "fields": {"name": "Can add slider", "content_type": 11, "codename": "add_slider"}}, {"model": "auth.permission", "pk": 42, "fields": {"name": "Can change slider", "content_type": 11, "codename": "change_slider"}}, {"model": "auth.permission", "pk": 43, "fields": {"name": "Can delete slider", "content_type": 11, "codename": "delete_slider"}}, {"model": "auth.permission", "pk": 44, "fields": {"name": "Can view slider", "content_type": 11, "codename": "view_slider"}}, {"model": "auth.permission", "pk": 45, "fields": {"name": "Can add offrings", "content_type": 12, "codename": "add_offrings"}}, {"model": "auth.permission", "pk": 46, "fields": {"name": "Can change offrings", "content_type": 12, "codename": "change_offrings"}}, {"model": "auth.permission", "pk": 47, "fields": {"name": "Can delete offrings", "content_type": 12, "codename": "delete_offrings"}}, {"model": "auth.permission", "pk": 48, "fields": {"name": "Can view offrings", "content_type": 12, "codename": "view_offrings"}}, {"model": "auth.permission", "pk": 49, "fields": {"name": "Can add sub registration content", "content_type": 13, "codename": "add_subregistrationcontent"}}, {"model": "auth.permission", "pk": 50, "fields": {"name": "Can change sub registration content", "content_type": 13, "codename": "change_subregistrationcontent"}}, {"model": "auth.permission", "pk": 51, "fields": {"name": "Can delete sub registration content", "content_type": 13, "codename": "delete_subregistrationcontent"}}, {"model": "auth.permission", "pk": 52, "fields": {"name": "Can view sub registration content", "content_type": 13, "codename": "view_subregistrationcontent"}}, {"model": "auth.permission", "pk": 53, "fields": {"name": "Can add registration sub menu", "content_type": 14, "codename": "add_registrationsubmenu"}}, {"model": "auth.permission", "pk": 54, "fields": {"name": "Can change registration sub menu", "content_type": 14, "codename": "change_registrationsubmenu"}}, {"model": "auth.permission", "pk": 55, "fields": {"name": "Can delete registration sub menu", "content_type": 14, "codename": "delete_registrationsubmenu"}}, {"model": "auth.permission", "pk": 56, "fields": {"name": "Can view registration sub menu", "content_type": 14, "codename": "view_registrationsubmenu"}}, {"model": "auth.permission", "pk": 57, "fields": {"name": "Can add registration", "content_type": 15, "codename": "add_registration"}}, {"model": "auth.permission", "pk": 58, "fields": {"name": "Can change registration", "content_type": 15, "codename": "change_registration"}}, {"model": "auth.permission", "pk": 59, "fields": {"name": "Can delete registration", "content_type": 15, "codename": "delete_registration"}}, {"model": "auth.permission", "pk": 60, "fields": {"name": "Can view registration", "content_type": 15, "codename": "view_registration"}}, {"model": "auth.permission", "pk": 61, "fields": {"name": "Can add tax filing", "content_type": 16, "codename": "add_taxfiling"}}, {"model": "auth.permission", "pk": 62, "fields": {"name": "Can change tax filing", "content_type": 16, "codename": "change_taxfiling"}}, {"model": "auth.permission", "pk": 63, "fields": {"name": "Can delete tax filing", "content_type": 16, "codename": "delete_taxfiling"}}, {"model": "auth.permission", "pk": 64, "fields": {"name": "Can view tax filing", "content_type": 16, "codename": "view_taxfiling"}}, {"model": "auth.permission", "pk": 65, "fields": {"name": "Can add title slide", "content_type": 17, "codename": "add_titleslide"}}, {"model": "auth.permission", "pk": 66, "fields": {"name": "Can change title slide", "content_type": 17, "codename": "change_titleslide"}}, {"model": "auth.permission", "pk": 67, "fields": {"name": "Can delete title slide", "content_type": 17, "codename": "delete_titleslide"}}, {"model": "auth.permission", "pk": 68, "fields": {"name": "Can view title slide", "content_type": 17, "codename": "view_titleslide"}}, {"model": "auth.permission", "pk": 69, "fields": {"name": "Can add title slide details", "content_type": 18, "codename": "add_titleslidedetails"}}, {"model": "auth.permission", "pk": 70, "fields": {"name": "Can change title slide details", "content_type": 18, "codename": "change_titleslidedetails"}}, {"model": "auth.permission", "pk": 71, "fields": {"name": "Can delete title slide details", "content_type": 18, "codename": "delete_titleslidedetails"}}, {"model": "auth.permission", "pk": 72, "fields": {"name": "Can view title slide details", "content_type": 18, "codename": "view_titleslidedetails"}}, {"model": "auth.permission", "pk": 73, "fields": {"name": "Can add about registraion sub menu", "content_type": 19, "codename": "add_aboutregistraionsubmenu"}}, {"model": "auth.permission", "pk": 74, "fields": {"name": "Can change about registraion sub menu", "content_type": 19, "codename": "change_aboutregistraionsubmenu"}}, {"model": "auth.permission", "pk": 75, "fields": {"name": "Can delete about registraion sub menu", "content_type": 19, "codename": "delete_aboutregistraionsubmenu"}}, {"model": "auth.permission", "pk": 76, "fields": {"name": "Can view about registraion sub menu", "content_type": 19, "codename": "view_aboutregistraionsubmenu"}}, {"model": "auth.permission", "pk": 77, "fields": {"name": "Can add company register details", "content_type": 20, "codename": "add_companyregisterdetails"}}, {"model": "auth.permission", "pk": 78, "fields": {"name": "Can change company register details", "content_type": 20, "codename": "change_companyregisterdetails"}}, {"model": "auth.permission", "pk": 79, "fields": {"name": "Can delete company register details", "content_type": 20, "codename": "delete_companyregisterdetails"}}, {"model": "auth.permission", "pk": 80, "fields": {"name": "Can view company register details", "content_type": 20, "codename": "view_companyregisterdetails"}}, {"model": "auth.permission", "pk": 81, "fields": {"name": "Can add document required", "content_type": 21, "codename": "add_documentrequired"}}, {"model": "auth.permission", "pk": 82, "fields": {"name": "Can change document required", "content_type": 21, "codename": "change_documentrequired"}}, {"model": "auth.permission", "pk": 83, "fields": {"name": "Can delete document required", "content_type": 21, "codename": "delete_documentrequired"}}, {"model": "auth.permission", "pk": 84, "fields": {"name": "Can view document required", "content_type": 21, "codename": "view_documentrequired"}}, {"model": "auth.permission", "pk": 85, "fields": {"name": "Can add faq", "content_type": 22, "codename": "add_faq"}}, {"model": "auth.permission", "pk": 86, "fields": {"name": "Can change faq", "content_type": 22, "codename": "change_faq"}}, {"model": "auth.permission", "pk": 87, "fields": {"name": "Can delete faq", "content_type": 22, "codename": "delete_faq"}}, {"model": "auth.permission", "pk": 88, "fields": {"name": "Can view faq", "content_type": 22, "codename": "view_faq"}}, {"model": "auth.permission", "pk": 89, "fields": {"name": "Can add memorandum", "content_type": 23, "codename": "add_memorandum"}}, {"model": "auth.permission", "pk": 90, "fields": {"name": "Can change memorandum", "content_type": 23, "codename": "change_memorandum"}}, {"model": "auth.permission", "pk": 91, "fields": {"name": "Can delete memorandum", "content_type": 23, "codename": "delete_memorandum"}}, {"model": "auth.permission", "pk": 92, "fields": {"name": "Can view memorandum", "content_type": 23, "codename": "view_memorandum"}}, {"model": "auth.permission", "pk": 93, "fields": {"name": "Can add package included", "content_type": 24, "codename": "add_packageincluded"}}, {"model": "auth.permission", "pk": 94, "fields": {"name": "Can change package included", "content_type": 24, "codename": "change_packageincluded"}}, {"model": "auth.permission", "pk": 95, "fields": {"name": "Can delete package included", "content_type": 24, "codename": "delete_packageincluded"}}, {"model": "auth.permission", "pk": 96, "fields": {"name": "Can view package included", "content_type": 24, "codename": "view_packageincluded"}}, {"model": "auth.permission", "pk": 97, "fields": {"name": "Can add procedure", "content_type": 25, "codename": "add_procedure"}}, {"model": "auth.permission", "pk": 98, "fields": {"name": "Can change procedure", "content_type": 25, "codename": "change_procedure"}}, {"model": "auth.permission", "pk": 99, "fields": {"name": "Can delete procedure", "content_type": 25, "codename": "delete_procedure"}}, {"model": "auth.permission", "pk": 100, "fields": {"name": "Can view procedure", "content_type": 25, "codename": "view_procedure"}}, {"model": "auth.permission", "pk": 101, "fields": {"name": "Can add sainification", "content_type": 26, "codename": "add_sainification"}}, {"model": "auth.permission", "pk": 102, "fields": {"name": "Can change sainification", "content_type": 26, "codename": "change_sainification"}}, {"model": "auth.permission", "pk": 103, "fields": {"name": "Can delete sainification", "content_type": 26, "codename": "delete_sainification"}}, {"model": "auth.permission", "pk": 104, "fields": {"name": "Can view sainification", "content_type": 26, "codename": "view_sainification"}}, {"model": "auth.permission", "pk": 105, "fields": {"name": "Can add company register requirements", "content_type": 20, "codename": "add_companyregisterrequirements"}}, {"model": "auth.permission", "pk": 106, "fields": {"name": "Can change company register requirements", "content_type": 20, "codename": "change_companyregisterrequirements"}}, {"model": "auth.permission", "pk": 107, "fields": {"name": "Can delete company register requirements", "content_type": 20, "codename": "delete_companyregisterrequirements"}}, {"model": "auth.permission", "pk": 108, "fields": {"name": "Can view company register requirements", "content_type": 20, "codename": "view_companyregisterrequirements"}}, {"model": "auth.permission", "pk": 109, "fields": {"name": "Can add sections", "content_type": 27, "codename": "add_sections"}}, {"model": "auth.permission", "pk": 110, "fields": {"name": "Can change sections", "content_type": 27, "codename": "change_sections"}}, {"model": "auth.permission", "pk": 111, "fields": {"name": "Can delete sections", "content_type": 27, "codename": "delete_sections"}}, {"model": "auth.permission", "pk": 112, "fields": {"name": "Can view sections", "content_type": 27, "codename": "view_sections"}}, {"model": "auth.user", "pk": 1, "fields": {"password": "pbkdf2_sha256$260000$zilfBzBU4AWnGIWxgzFLY8$9aq08mm14qhCQP8Ocv87DFY31kKZG0Z6Pp4aJM2dlPs=", "last_login": "2021-08-08T11:43:51.525Z", "is_superuser": true, "username": "admin", "first_name": "", "last_name": "", "email": "admin@gmail.com", "is_staff": true, "is_active": true, "date_joined": "2021-08-08T11:43:42.098Z", "groups": [], "user_permissions": []}}, {"model": "auth.user", "pk": 2, "fields": {"password": "pbkdf2_sha256$260000$R4spH3vjMn9fVmT98Loyu0$me0FNZXTsN2WFoNwtKCLIv9hK01GWiviA6mUgyB31mA=", "last_login": "2021-08-14T06:39:59.905Z", "is_superuser": true, "username": "root", "first_name": "", "last_name": "", "email": "", "is_staff": true, "is_active": true, "date_joined": "2021-08-11T11:37:19.833Z", "groups": [], "user_permissions": []}}, {"model": "contenttypes.contenttype", "pk": 1, "fields": {"app_label": "admin", "model": "logentry"}}, {"model": "contenttypes.contenttype", "pk": 2, "fields": {"app_label": "auth", "model": "permission"}}, {"model": "contenttypes.contenttype", "pk": 3, "fields": {"app_label": "auth", "model": "group"}}, {"model": "contenttypes.contenttype", "pk": 4, "fields": {"app_label": "auth", "model": "user"}}, {"model": "contenttypes.contenttype", "pk": 5, "fields": {"app_label": "contenttypes", "model": "contenttype"}}, {"model": "contenttypes.contenttype", "pk": 6, "fields": {"app_label": "sessions", "model": "session"}}, {"model": "contenttypes.contenttype", "pk": 7, "fields": {"app_label": "Home", "model": "blognews"}}, {"model": "contenttypes.contenttype", "pk": 8, "fields": {"app_label": "Home", "model": "businessquery"}}, {"model": "contenttypes.contenttype", "pk": 9, "fields": {"app_label": "Home", "model": "duedatereminder"}}, {"model": "contenttypes.contenttype", "pk": 10, "fields": {"app_label": "Home", "model": "news"}}, {"model": "contenttypes.contenttype", "pk": 11, "fields": {"app_label": "Home", "model": "slider"}}, {"model": "contenttypes.contenttype", "pk": 12, "fields": {"app_label": "Home", "model": "offrings"}}, {"model": "contenttypes.contenttype", "pk": 13, "fields": {"app_label": "registration", "model": "subregistrationcontent"}}, {"model": "contenttypes.contenttype", "pk": 14, "fields": {"app_label": "registration", "model": "registrationsubmenu"}}, {"model": "contenttypes.contenttype", "pk": 15, "fields": {"app_label": "registration", "model": "registration"}}, {"model": "contenttypes.contenttype", "pk": 16, "fields": {"app_label": "taxfiling", "model": "taxfiling"}}, {"model": "contenttypes.contenttype", "pk": 17, "fields": {"app_label": "registration", "model": "titleslide"}}, {"model": "contenttypes.contenttype", "pk": 18, "fields": {"app_label": "registration", "model": "titleslidedetails"}}, {"model": "contenttypes.contenttype", "pk": 19, "fields": {"app_label": "registration", "model": "aboutregistraionsubmenu"}}, {"model": "contenttypes.contenttype", "pk": 20, "fields": {"app_label": "registration", "model": "companyregisterrequirements"}}, {"model": "contenttypes.contenttype", "pk": 21, "fields": {"app_label": "registration", "model": "documentrequired"}}, {"model": "contenttypes.contenttype", "pk": 22, "fields": {"app_label": "registration", "model": "faq"}}, {"model": "contenttypes.contenttype", "pk": 23, "fields": {"app_label": "registration", "model": "memorandum"}}, {"model": "contenttypes.contenttype", "pk": 24, "fields": {"app_label": "registration", "model": "packageincluded"}}, {"model": "contenttypes.contenttype", "pk": 25, "fields": {"app_label": "registration", "model": "procedure"}}, {"model": "contenttypes.contenttype", "pk": 26, "fields": {"app_label": "registration", "model": "sainification"}}, {"model": "contenttypes.contenttype", "pk": 27, "fields": {"app_label": "dashboard", "model": "sections"}}, {"model": "sessions.session", "pk": "0c3rbkr5rdvsvjpc55k3h2i7mp13ynt3", "fields": {"session_data": ".eJxVjMEOwiAQRP-FsyGCwBaP3vsNBJZdqRqalPZk_Hdp0oNe5vDmzbxFiNtawtZoCVMWV6HE6ZeliE-qe5Efsd5niXNdlynJXZFH2-Q4Z3rdDvfvoMRW-tooz1mz96Cy1dEZm7EzZ9kgJ9AwoCGH4BWQPl9Ys6Yelgko0mDE5wvbezgn:1mChDb:MEHc6eV9hvNB40aUQ3C2CZVGopFXClZrCXvmPAberv0", "expire_date": "2021-08-22T11:43:51.609Z"}}, {"model": "sessions.session", "pk": "5i94jfytep1sd44de070okszyqoxdug3", "fields": {"session_data": ".eJxVjMsOwiAQRf-FtSEwvIpL934DgWGQqoGktCvjv2uTLnR7zzn3xULc1hq2QUuYMzszYKffLUV8UNtBvsd26xx7W5c58V3hBx382jM9L4f7d1DjqN9aiSQhaQDnJq1JOVCgixbOeHSZrFKmeMSSCUkWb3NEaSIgOSsnLxJ7fwDBGzen:1mEnKq:E77bCZXqq3ytCpu0ACg8PtuSEqGwEnn21Lven8KpQqk", "expire_date": "2021-08-28T06:40:00.035Z"}}, {"model": "sessions.session", "pk": "9gdvs8vqmp6h6wxgnwjorcfayale6z21", "fields": {"session_data": ".eJxVjMsOwiAQRf-FtSEwvIpL934DgWGQqoGktCvjv2uTLnR7zzn3xULc1hq2QUuYMzszYKffLUV8UNtBvsd26xx7W5c58V3hBx382jM9L4f7d1DjqN9aiSQhaQDnJq1JOVCgixbOeHSZrFKmeMSSCUkWb3NEaSIgOSsnLxJ7fwDBGzen:1mEQx8:nqNIwTY4MbZxLUtSkDhmhtnrKv9LbUQ7i1TV7DdSIKo", "expire_date": "2021-08-27T06:46:02.228Z"}}, {"model": "sessions.session", "pk": "nzr4h1vlyvadveac5gmkpmndotd0iwsj", "fields": {"session_data": ".eJxVjMsOwiAQRf-FtSEwvIpL934DgWGQqoGktCvjv2uTLnR7zzn3xULc1hq2QUuYMzszYKffLUV8UNtBvsd26xx7W5c58V3hBx382jM9L4f7d1DjqN9aiSQhaQDnJq1JOVCgixbOeHSZrFKmeMSSCUkWb3NEaSIgOSsnLxJ7fwDBGzen:1mDmY3:M0d60YJL2Ru-5oJIOJhivGBPjrEgtjM9rGKrpO66OkM", "expire_date": "2021-08-25T11:37:27.877Z"}}, {"model": "sessions.session", "pk": "pa01t4se1kekmypl63ibvhztw2driajq", "fields": {"session_data": ".eJxVjMsOwiAQRf-FtSEwvIpL934DgWGQqoGktCvjv2uTLnR7zzn3xULc1hq2QUuYMzszYKffLUV8UNtBvsd26xx7W5c58V3hBx382jM9L4f7d1DjqN9aiSQhaQDnJq1JOVCgixbOeHSZrFKmeMSSCUkWb3NEaSIgOSsnLxJ7fwDBGzen:1mDmhM:vQALKnGsl40_ggVAt-InShBIlnKrPukV3Kmd9cUpBhs", "expire_date": "2021-08-25T11:47:04.218Z"}}, {"model": "sessions.session", "pk": "q9qcnzvup7jckcjfi5fktcsp4ppcltks", "fields": {"session_data": ".eJxVjMsOwiAQRf-FtSEwvIpL934DgWGQqoGktCvjv2uTLnR7zzn3xULc1hq2QUuYMzszYKffLUV8UNtBvsd26xx7W5c58V3hBx382jM9L4f7d1DjqN9aiSQhaQDnJq1JOVCgixbOeHSZrFKmeMSSCUkWb3NEaSIgOSsnLxJ7fwDBGzen:1mETpz:ct_uNH9qYZ-_BMy2zEC1rH9gFtXetzJMP2Pm4MH1vyU", "expire_date": "2021-08-27T09:50:51.395Z"}}, {"model": "Home.slider", "pk": 1, "fields": {"objective": "Our Objective", "obj_details": "Seeing invisible, achieving impossible. Our vision is to raise benchmarks with\r\n                  every assignment by imparting knowledge\r\n                  with a goal to provide timely deliverable which makes us victorious in achieving clients satisfaction\r\n                  adding to CA, CS\r\n                  & LAWYERS glory as a professional firm", "img": "img/slide-2.png"}}, {"model": "Home.slider", "pk": 2, "fields": {"objective": "Our Objective", "obj_details": "Seeing invisible, achieving impossible. Our vision is to raise benchmarks with\r\n                  every\r\n                  assignment by imparting knowledge\r\n                  with a goal to provide timely deliverable which makes us victorious in achieving clients satisfaction\r\n                  adding to CA,\r\n                  CS\r\n                  & LAWYERS glory as a professional firm.", "img": "img/slide-3.png"}}, {"model": "Home.slider", "pk": 3, "fields": {"objective": "Our Mission", "obj_details": "Let ideas transform into innovation. Our mission is to provide comprehensive\r\n                  professional services which clients refer\r\n                  to their associates, employees boast upon, competitors acknowledge and set as standards for\r\n                  themselves.", "img": "img/slide-4.png"}}, {"model": "Home.slider", "pk": 4, "fields": {"objective": "Our Vision", "obj_details": "Seeing invisible, achieving impossible. Our vision is to raise benchmarks with\r\n                  every assignment by imparting knowledge\r\n                  with a goal to provide timely deliverable which makes us victorious in achieving clients satisfaction\r\n                  adding to CA, CS\r\n                  & LAWYERS glory as a professional firm", "img": "img/slide-5.png"}}, {"model": "Home.slider", "pk": 5, "fields": {"objective": "Excellence in Service", "obj_details": "To not just meet but exceed client expectation consistently by imbibing\r\n                  Teamwork, Professionalism, Personalised Service & Specialisation", "img": "img/slide-6.png"}}, {"model": "Home.news", "pk": 1, "fields": {"date": "2021-08-08", "news": "Govt Informs 15th FFC About Implausibility of Meeting Revenue\r\n                            Targets of 5 Years"}}, {"model": "Home.news", "pk": 2, "fields": {"date": "2021-08-08", "news": "No excuses, target over Rs 1 lakh crore GST collection in\r\n                            remaining months"}}, {"model": "Home.news", "pk": 3, "fields": {"date": "2021-08-08", "news": "GST Council meeting today: Lease rates, refund for exporters on\r\n                            agenda"}}, {"model": "Home.duedatereminder", "pk": 1, "fields": {"date": "2021-08-08", "details": "Due date for\r\n                    furnishing of challan-cum-statement in respect of tax deducted u/s 194-IB in month of November\r\n                    19"}}, {"model": "Home.duedatereminder", "pk": 2, "fields": {"date": "2021-08-08", "details": "furnishing of\r\n                    challan-cum-statement in respect of tax deducted u/s 194-IA in month of November 19"}}, {"model": "Home.duedatereminder", "pk": 3, "fields": {"date": "2021-08-08", "details": "Payment of TDS\r\n                    of December 2019 (For Govt deductors paying through challan)"}}, {"model": "Home.blognews", "pk": 1, "fields": {"date": "2021-08-08", "title": "About Us", "news": "ASSOCIATES  is a professional firm of Chartered Accountants s..."}}, {"model": "Home.offrings", "pk": 1, "fields": {"title": "Start my Business", "details": "Considering registering company in India and that too in a fast and  hassle-free", "img": "img/advisory-icon.png"}}, {"model": "Home.offrings", "pk": 2, "fields": {"title": "Business and Tax Registration", "details": "In the era of globalization entrepreneurship is the need of the", "img": "img/tax-reg-icon.png"}}, {"model": "Home.offrings", "pk": 3, "fields": {"title": "GST", "details": "GST is a huge tax reform in India post-Independence", "img": "img/gst-icon.png"}}, {"model": "Home.offrings", "pk": 4, "fields": {"title": "Intellectual Property Rights", "details": "A trademark is typically a name, word, phrase, logo, symbol, design, image", "img": "img/intellectual-icon.png"}}, {"model": "Home.offrings", "pk": 5, "fields": {"title": "Startup Advisory", "details": "We understand that for a startup, the primary focus is to grow their", "img": "img/advisory-icon_vxduc6q.png"}}, {"model": "Home.offrings", "pk": 6, "fields": {"title": "Foreign Investment in India", "details": "Foreign investment in India is primarily regulated by the FDI policy", "img": "img/foreign-direct-investment-icon.png"}}, {"model": "registration.registration", "pk": 1, "fields": {"title": "Business Registrations", "slug": "business-registrations"}}, {"model": "registration.registration", "pk": 2, "fields": {"title": "Special Entity", "slug": "special-entity"}}, {"model": "registration.registration", "pk": 3, "fields": {"title": "Government & Tax Registration", "slug": "government-tax-registration"}}, {"model": "registration.registrationsubmenu", "pk": 1, "fields": {"title": 1, "submenu": "PRIVATE LIMITED COMPANY", "slug": "private-limited-company"}}, {"model": "registration.registrationsubmenu", "pk": 2, "fields": {"title": 1, "submenu": "LLP(LIMITED LIABILITY PARTNERSHIP)", "slug": "llplimited-liability-partnership"}}, {"model": "registration.registrationsubmenu", "pk": 3, "fields": {"title": 1, "submenu": "PUBLIC LIMITED COMPANY", "slug": "public-limited-company"}}, {"model": "registration.registrationsubmenu", "pk": 4, "fields": {"title": 1, "submenu": "ONE PERSON COMPANY", "slug": "one-person-company"}}, {"model": "registration.registrationsubmenu", "pk": 5, "fields": {"title": 1, "submenu": "Partnership Firm", "slug": "partnership-firm"}}, {"model": "registration.registrationsubmenu", "pk": 6, "fields": {"title": 1, "submenu": "SOLE PROPRIETORSHIP", "slug": "sole-proprietorship"}}, {"model": "registration.registrationsubmenu", "pk": 7, "fields": {"title": 1, "submenu": "PARTNERSHIP FIRM", "slug": "partnership-firm"}}, {"model": "registration.registrationsubmenu", "pk": 8, "fields": {"title": 1, "submenu": "COMPANY REGISTRATION", "slug": "company-registration"}}, {"model": "registration.registrationsubmenu", "pk": 9, "fields": {"title": 1, "submenu": "COMPANY REGISTRATION IN USA", "slug": "company-registration-in-usa"}}, {"model": "registration.registrationsubmenu", "pk": 10, "fields": {"title": 1, "submenu": "COMPANY REGISTRATION IN UK", "slug": "company-registration-in-uk"}}, {"model": "registration.registrationsubmenu", "pk": 11, "fields": {"title": 2, "submenu": "MSME REGISTRATION", "slug": "msme-registration"}}, {"model": "registration.registrationsubmenu", "pk": 12, "fields": {"title": 2, "submenu": "SOCIETY REGISTRATION", "slug": "society-registration"}}, {"model": "registration.registrationsubmenu", "pk": 13, "fields": {"title": 2, "submenu": "SECTION 8 COMPANY (NGO)", "slug": "section-8-company-ngo"}}, {"model": "registration.registrationsubmenu", "pk": 14, "fields": {"title": 2, "submenu": "NIDHI COMPANY", "slug": "nidhi-company"}}, {"model": "registration.registrationsubmenu", "pk": 15, "fields": {"title": 2, "submenu": "PRODUCER COMPANY", "slug": "producer-company"}}, {"model": "registration.registrationsubmenu", "pk": 16, "fields": {"title": 2, "submenu": "TRUST REGISTRATION", "slug": "trust-registration"}}, {"model": "registration.registrationsubmenu", "pk": 17, "fields": {"title": 2, "submenu": "RWA REGISTRATION", "slug": "rwa-registration"}}, {"model": "registration.registrationsubmenu", "pk": 18, "fields": {"title": 2, "submenu": "12A AND 80G REGISTRATION", "slug": "12a-and-80g-registration"}}, {"model": "registration.registrationsubmenu", "pk": 19, "fields": {"title": 2, "submenu": "FCRA REGISTRATION", "slug": "fcra-registration"}}, {"model": "registration.registrationsubmenu", "pk": 20, "fields": {"title": 2, "submenu": "NGO REGISTRATION", "slug": "ngo-registration"}}, {"model": "registration.registrationsubmenu", "pk": 21, "fields": {"title": 3, "submenu": "PROFESSIONAL TAX REGISTRATION", "slug": "professional-tax-registration"}}, {"model": "registration.registrationsubmenu", "pk": 22, "fields": {"title": 3, "submenu": "EXCISE REGISTRATION", "slug": "excise-registration"}}, {"model": "registration.registrationsubmenu", "pk": 23, "fields": {"title": 3, "submenu": "TAN REGISTRATION", "slug": "tan-registration"}}, {"model": "registration.registrationsubmenu", "pk": 24, "fields": {"title": 3, "submenu": "PSARA REGISTRATION", "slug": "psara-registration"}}, {"model": "registration.registrationsubmenu", "pk": 25, "fields": {"title": 3, "submenu": "IMPORT EXPORT CODE", "slug": "import-export-code"}}, {"model": "registration.registrationsubmenu", "pk": 26, "fields": {"title": 3, "submenu": "DIGITAL SIGNATURE CERTIFICATE", "slug": "digital-signature-certificate"}}, {"model": "registration.registrationsubmenu", "pk": 27, "fields": {"title": 3, "submenu": "TRADE LICENSE", "slug": "trade-license"}}, {"model": "registration.registrationsubmenu", "pk": 28, "fields": {"title": 3, "submenu": "FSSAI LICENSE (FOOD LICENSE)", "slug": "fssai-license-food-license"}}, {"model": "registration.registrationsubmenu", "pk": 29, "fields": {"title": 3, "submenu": "AYUSH LICENSE", "slug": "ayush-license"}}, {"model": "registration.registrationsubmenu", "pk": 30, "fields": {"title": 3, "submenu": "STPI REGISTRATION", "slug": "stpi-registration"}}, {"model": "registration.subregistrationcontent", "pk": 1, "fields": {"title": 1, "submenu": 1, "tagline": "Register your Private Limited Company in India. Ideal for start-ups going for funding & growing business.", "Optionalicon": ""}}, {"model": "registration.subregistrationcontent", "pk": 2, "fields": {"title": 1, "submenu": 2, "tagline": "Limited Liability Partnership (LLP) Registration in India. A minimum of two persons above 18 years of age are required for LLP registration in India.", "Optionalicon": ""}}, {"model": "registration.subregistrationcontent", "pk": 3, "fields": {"title": 1, "submenu": 3, "tagline": "Register your Public Limited Company in India. Ideal for start-ups going for funding & growing business.", "Optionalicon": ""}}, {"model": "registration.subregistrationcontent", "pk": 4, "fields": {"title": 1, "submenu": 4, "tagline": "Register your One Person Company in India. Ideal for start-ups going for funding & growing business.", "Optionalicon": ""}}, {"model": "registration.subregistrationcontent", "pk": 5, "fields": {"title": 1, "submenu": 5, "tagline": "Register your partnership firm with Finacbooks at an affordable price going for funding & growing business.", "Optionalicon": ""}}, {"model": "registration.subregistrationcontent", "pk": 6, "fields": {"title": 1, "submenu": 6, "tagline": "Go for Sole Proprietorship Registration Online with FinacBooks and run your business smoothly", "Optionalicon": ""}}, {"model": "registration.subregistrationcontent", "pk": 7, "fields": {"title": 1, "submenu": 7, "tagline": "Register your partnership firm with Finacbooks at an affordable price going for funding & growing business.", "Optionalicon": ""}}, {"model": "registration.subregistrationcontent", "pk": 8, "fields": {"title": 1, "submenu": 8, "tagline": "We provide online company registration services all over India. Register your company easily by choosing from the various types of companies as per your business requirements & growing business.", "Optionalicon": ""}}, {"model": "registration.subregistrationcontent", "pk": 9, "fields": {"title": 1, "submenu": 9, "tagline": "We provide online company registration services all over India. Register your company easily by choosing from the various types of companies as per your business requirements & growing business.", "Optionalicon": ""}}, {"model": "registration.subregistrationcontent", "pk": 10, "fields": {"title": 1, "submenu": 10, "tagline": "Register your Private Limited Company in uk. Ideal for start-ups going for funding & growing business.", "Optionalicon": ""}}, {"model": "registration.subregistrationcontent", "pk": 11, "fields": {"title": 2, "submenu": 11, "tagline": "MSME / SSI / Udyog Aadhaar Registration Online for Micro, Small, Medium Enterprises in India going for funding & growing business.", "Optionalicon": ""}}, {"model": "registration.subregistrationcontent", "pk": 12, "fields": {"title": 2, "submenu": 12, "tagline": "Society Registration Online in India - Ideal business structure for Small traders and merchants.", "Optionalicon": ""}}, {"model": "registration.subregistrationcontent", "pk": 13, "fields": {"title": 2, "submenu": 13, "tagline": "Online Section 8 Company Registration in India. Ideal for non-profits organization.", "Optionalicon": ""}}, {"model": "registration.subregistrationcontent", "pk": 14, "fields": {"title": 2, "submenu": 14, "tagline": "Online Nidhi Company Registration in India. Ideal for lending and borrowing amongst members..", "Optionalicon": ""}}, {"model": "registration.subregistrationcontent", "pk": 15, "fields": {"title": 2, "submenu": 15, "tagline": "Producer Company Registration in India. Ideal for farmers and primary producers to help them to gain easy access to credit, production technology, market, and inputs.", "Optionalicon": ""}}, {"model": "registration.subregistrationcontent", "pk": 16, "fields": {"title": 2, "submenu": 16, "tagline": "Register your Trust with Finacbooks and obtain tax exemption benefits.", "Optionalicon": ""}}, {"model": "registration.subregistrationcontent", "pk": 17, "fields": {"title": 2, "submenu": 17, "tagline": "Online Application process. Just fill the form.", "Optionalicon": ""}}, {"model": "registration.subregistrationcontent", "pk": 18, "fields": {"title": 2, "submenu": 18, "tagline": "Online Application process. Just fill the form..", "Optionalicon": ""}}, {"model": "registration.subregistrationcontent", "pk": 19, "fields": {"title": 2, "submenu": 19, "tagline": "Online FCRA Registration in India. Ideal for Charitable Trusts, Societies, Section 8 Company that receive foreign contribution or donation from foreign sources.", "Optionalicon": ""}}, {"model": "registration.subregistrationcontent", "pk": 20, "fields": {"title": 2, "submenu": 20, "tagline": "Register your NGO as a trust, society or section 8 Company with Finacbooks and avail tax exemption benefits..", "Optionalicon": ""}}, {"model": "registration.subregistrationcontent", "pk": 21, "fields": {"title": 3, "submenu": 21, "tagline": "At Finacbooks, we help you easily obtain professional tax registration in 5 - 10 working days..", "Optionalicon": ""}}, {"model": "registration.subregistrationcontent", "pk": 22, "fields": {"title": 3, "submenu": 22, "tagline": "Online Excise Tax Registration in India.", "Optionalicon": ""}}, {"model": "registration.subregistrationcontent", "pk": 23, "fields": {"title": 3, "submenu": 23, "tagline": "Apply for TAN Registration to obtain TAN Number. Ideal for all the assessees required to deduct TDS on transactions.", "Optionalicon": ""}}, {"model": "registration.subregistrationcontent", "pk": 24, "fields": {"title": 3, "submenu": 24, "tagline": "PSARA Registration (PSARA License) under PSARA ACT 2005 (PSARA 2005). Ideal for all private security agencies to operate in the security business.", "Optionalicon": ""}}, {"model": "registration.subregistrationcontent", "pk": 25, "fields": {"title": 3, "submenu": 25, "tagline": "IEC Registration Online. Apply for Import Export Code Registration for all type of Export and Import Businesses in India.", "Optionalicon": ""}}, {"model": "registration.subregistrationcontent", "pk": 26, "fields": {"title": 3, "submenu": 26, "tagline": "Digital Signature Certificate. Easy DSC Registration in India.", "Optionalicon": ""}}, {"model": "registration.subregistrationcontent", "pk": 27, "fields": {"title": 3, "submenu": 27, "tagline": "File your application for Trade License Registration online at the local municipality office near your business location.", "Optionalicon": ""}}, {"model": "registration.subregistrationcontent", "pk": 28, "fields": {"title": 3, "submenu": 28, "tagline": "FSSAI LICENSE (FOOD LICENSE)", "Optionalicon": ""}}, {"model": "registration.subregistrationcontent", "pk": 29, "fields": {"title": 3, "submenu": 29, "tagline": "Online Application process. Just fill the form.", "Optionalicon": ""}}, {"model": "registration.subregistrationcontent", "pk": 30, "fields": {"title": 3, "submenu": 30, "tagline": "Register your unit under STP with the help of Finacbooks and enjoy duty free hardware & software imports.", "Optionalicon": ""}}, {"model": "registration.aboutregistraionsubmenu", "pk": 1, "fields": {"reg_title": 1, "heading1": "Private Limited Company Registration in India", "heading1_details": "<p>Want to register your private limited company?</p>\r\n\r\n<p>Not finding the appropriate service provider?</p>\r\n\r\n<p>Kirnaz offers you best services and the most popular ways by which you can easily set up your business in India. In addition to it, you will also get to learn about all the tax and regulatory advantages in relation to private limited company.</p>", "heading2": "We help you register in three simple steps:", "heading2_details": "<ul>\r\n\t<li>&nbsp;Firstly, we register the Directors of the company with the Ministry of Corporate Affairs (MCA)</li>\r\n\t<li>&nbsp;Secondly, we help you in choosing the most appropriate company name</li>\r\n\t<li>&nbsp;Lastly, we help you in drafting your company&rsquo;s constitution. (<a href=\"https://www.finacbooks.com/memorandum-of-association-moa-amendment\">Memorandum of association</a>&nbsp;&amp; articles of association)</li>\r\n\t<li>\r\n\t<p>A Private Limited Company (PLC) is considered as the most common and accepted corporate legal entity in India. The registration of a Private Limited Company is governed by the Companies Act, 2013 and Companies Incorporation Rules, 2014. No less than two shareholders and two directors are required to register a Private Limited Company. A natural person can be a director and shareholder both, while a company legal entity can only be a shareholder.</p>\r\n\r\n\t<p>If we take the current scenario, Start-ups and small businesses are increasingly choosing Private Limited Companies for doing businesses as it becomes easy for them to raise the funds from outside and at the same time it also limits the liabilities of its shareholders. It enables owners to provide employees with the option to own shares while reserves the right to hire and retain the best talent. Foreign nationals, foreign corporate entities or even NRIs can be Directors as well as Shareholders of a Private Limited Company via Foreign Direct Investment, making it the preferred choice of entity for foreign promoters.</p>\r\n\r\n\t<p>A Private Limited Company has many unique features that make it an ideal business for countless small and medium sized businesses that are professionally managed or family owned. Some of the unique features of a Private Limited Company are as follows &ndash;</p>\r\n\t</li>\r\n\t<li>&nbsp;Limited liability protection to shareholders,</li>\r\n\t<li>&nbsp;Separate legal entity status</li>\r\n\t<li>&nbsp;Ability to raise funds</li>\r\n\t<li>&nbsp;Perpetual existence.</li>\r\n\t<li>\r\n\t<p>Let us take a look at few immediate advantages of a Private Limited Company:</p>\r\n\t</li>\r\n\t<li>&nbsp;Greater freedom with limited liability</li>\r\n\t<li>&nbsp;Increased capital contribution and greater stability</li>\r\n\t<li>&nbsp;The prospects for future business scalability</li>\r\n</ul>", "Optionalicon": ""}}, {"model": "registration.titleslide", "pk": 1, "fields": {"title": ""}}, {"model": "registration.packageincluded", "pk": 1, "fields": {"reg_title": 1, "heading1": "Eligibility Consultation", "image": "img/eligibility-icon.png"}}, {"model": "registration.packageincluded", "pk": 2, "fields": {"reg_title": 1, "heading1": "Document Preparation", "image": "img/document-management-big.png"}}, {"model": "registration.packageincluded", "pk": 3, "fields": {"reg_title": 1, "heading1": "Application Drafting", "image": "img/application.png"}}, {"model": "registration.packageincluded", "pk": 4, "fields": {"reg_title": 1, "heading1": "Government Fees", "image": "img/fee.png"}}, {"model": "registration.procedure", "pk": 3, "fields": {"reg_title": 1, "heading1": "Verification and Name Approval", "content": "Your all details will be verified. Subsequently we move ahead with the name approval.", "image": "img/verification.png"}}, {"model": "registration.procedure", "pk": 4, "fields": {"reg_title": 1, "heading1": "Document Submission", "content": "All the essential papers are created by us and then filed with ROC on your behalf.", "image": "img/documnet_submission.jpg"}}, {"model": "registration.procedure", "pk": 6, "fields": {"reg_title": 1, "heading1": "Your work is done!", "content": "When your organization is registered, we hand over all the files and DSCs.", "image": "img/workdone_mcxDBiR.png"}}, {"model": "registration.procedure", "pk": 8, "fields": {"reg_title": 1, "heading1": "Your work is done!", "content": "dfsdfs", "image": "img/slide-3_9pB3cuM.png"}}, {"model": "registration.procedure", "pk": 17, "fields": {"reg_title": 2, "heading1": "Your work is done!", "content": "sdasd", "image": "img/Long_image_08-07-2021_19.26.55_2.jpg"}}, {"model": "registration.procedure", "pk": 18, "fields": {"reg_title": 2, "heading1": "Your work is done!", "content": "fdgfg", "image": "img/aryavart_vidhya_mandir_logo_n1DRE7b.png"}}, {"model": "registration.documentrequired", "pk": 1, "fields": {"reg_title": 1, "heading1": "Documents Required for Company Registration", "content": "<p>&nbsp;</p>\r\n\r\n<ul>\r\n\t<li>Copy of PAN Card of directors</li>\r\n\t<li>Passport size photograph of directors</li>\r\n\t<li><strong>Aadhaar Card</strong>/ Voter identity card of directors</li>\r\n\t<li>Copy of Rent agreement (If rented property)</li>\r\n\t<li>Electricity/ Water bill (Business Place)</li>\r\n\t<li>Copy of Property papers(If owned property)</li>\r\n\t<li>Landlord NOC (Format will be provided)1</li>\r\n</ul>"}}, {"model": "registration.memorandum", "pk": 1, "fields": {"reg_title": 1, "heading1": "How Cyber Flax help in Private Limited Company Registration?", "content": "Cyber Flax is a leading Indian portal providing accounting, finance & taxation services to small businesses. We are having more than 10 years of experience in helping individuals providing Private Limited Company registration at a least possible price. We will guide you through the entire process of Pvt Ltd Company registration. To avail the best deals on Private Limited company registration, kindly call us at 8800221252 or you can also e-mail us at info@cyberflax.com"}}, {"model": "registration.companyregisterrequirements", "pk": 1, "fields": {"reg_title": 1, "heading1": "Minimum Requirements For Private Limited Company Registration", "content1": "<ul>\r\n\t<li>A unique name</li>\r\n\t<li>A minimum of two shareholders</li>\r\n\t<li>A minimum of two directors</li>\r\n\t<li>Any amount of capital</li>\r\n\t<li>Requisite documents</li>\r\n\t<li>MOA &amp; AOA</li>\r\n</ul>", "heading2": "Concerns Related to a Private Limited Company", "content2": "<ul>\r\n\t<li>The statutory compliances are high.</li>\r\n\t<li>The directors have to be involved in decision making.</li>\r\n\t<li>Transfer of shares to others cannot be made without an agreement.</li>\r\n</ul>"}}, {"model": "registration.sainification", "pk": 1, "fields": {"reg_title": 1, "heading1": "Things to be considered while Choosing a Name for your Private Limited Company", "content2": "<p>Selecting the name of the business is an important aspect. It is the very first impression for the vendors, the stakeholders and the buyers. Therefore, it needs to be in relation of the nature of the business. It must be relevant and attractive. Here are some of the following aspects which we should keep in mind while naming the business -</p>\r\n\r\n<ul>\r\n\t<li>\r\n\t<ul>\r\n\t\t<li>The name of the company should be concise and short. People should be able to pronounce it easily and recollect the name as early as they read it or hear it.</li>\r\n\t\t<li>It needs to be the face of the company.</li>\r\n\t\t<li>The company name should be unique. It should not be identical or similar to an already existing business or a trademark.</li>\r\n\t\t<li>It is best to avoid the name of a person (be the owner or a shareholder) to be used in the company&rsquo;s name. This avoids the need to rename the company in the event of his or her exit.</li>\r\n\t\t<li>The company name needs to be ended with the suffix &quot;Private Ltd&quot;.</li>\r\n\t\t<li>The company name should not be contradictory to the law. It should not be abusive and against the practices, beliefs and values of any particular group of people.</li>\r\n\t</ul>\r\n\t</li>\r\n</ul>\r\n\r\n<h3>&nbsp;</h3>"}}, {"model": "registration.faq", "pk": 1, "fields": {"reg_title": 1, "heading": "Do I have to be actually present during this procedure?", "content": "<p>There is no need to present at all. A new business registration is a complete online process and all written documents are filed electronically. You have to send us scanned documents of your all necessary forms and documents.</p>"}}, {"model": "registration.faq", "pk": 2, "fields": {"reg_title": 1, "heading": "How much time is needed to form a private limited company in India?", "content": "<p>If your all files are in order, it is going to take no longer than fifteen days. Nevertheless, it depends on the work of the registrar.</p>"}}, {"model": "registration.faq", "pk": 3, "fields": {"reg_title": 1, "heading": "What is an electronic signature certificate? Who shall obtain DSC for private limited company registration?", "content": "<p>Digital Signature Certificate is provided in a token form and it is given by Certified Authorities. Any form submitted to register a Private Limited Company online shall be published after affixing the DSC of an Applicant. The directors of the company should obtain DSC (Digital signature certificate) as absence of DSC can cause site related problems to the website visitors and subscribers.</p>"}}, {"model": "registration.faq", "pk": 4, "fields": {"reg_title": 1, "heading": "What are the guidelines for selecting a title for a private limited company?", "content": "<p>The Registrar of Companies (ROC) expects that India should follow few naming guidelines. The more closely the guidelines are followed, the greater the chances of your name approval. Few guidelines for name approval are as follows - Blacklist: Generic names, adjectives and abbreviations will be rejected. For ex- Abbreviations like ABP or CNN will be rejected. The terms like bank, exchange, stock exchange will also be rejected unless it is authorized by SEBI or RBI. No Common Trademark: Trademark should not be common. The registered trademark should not be similar to any other trademark displayed on the Intellectual property website of India. If found similar, you will get the name approval only when you get an NOC Objection Certificate (NOC) from its owner - authorizing you to make use of it. Descriptive Component: The company name should convey the details about your business you are doing or you want to do. For ex - In Eli Research Private Limited, the word&#39; Research&#39; conveys that the company is into a research business. If your business is different, you cannot use the word &ldquo;Research&rdquo; in your business name as it will surely get rejected.</p>"}}, {"model": "registration.faq", "pk": 5, "fields": {"reg_title": 3, "heading": "this is new faq", "content": "<p>content</p>"}}, {"model": "registration.faq", "pk": 6, "fields": {"reg_title": 3, "heading": "this is heading", "content": "<p>this is content</p>"}}, {"model": "registration.faq", "pk": 7, "fields": {"reg_title": 3, "heading": "this", "content": "<p>content</p>\r\n\r\n<p>&nbsp;</p>"}}, {"model": "taxfiling.taxfiling", "pk": 1, "fields": {"title": "LLP Annual Filling", "tagline": "Online Application process. Just fill the form.", "tag_content": "", "slug": "llp-annual-filling"}}, {"model": "taxfiling.taxfiling", "pk": 2, "fields": {"title": "Business Tax Return Filling", "tagline": "Online Application process. Just fill the form.", "tag_content": "", "slug": "business-tax-return-filling"}}, {"model": "taxfiling.taxfiling", "pk": 3, "fields": {"title": "TDS Return Filling", "tagline": "Online Application process. Just fill the form.", "tag_content": "", "slug": "tds-return-filling"}}, {"model": "taxfiling.taxfiling", "pk": 4, "fields": {"title": "Income Tax Return", "tagline": "CAs assistance in ITR Filing to Individuals, Businesses, Companies, Trusts or Partnership Firms.", "tag_content": "", "slug": "income-tax-return"}}, {"model": "dashboard.sections", "pk": 5, "fields": {"reg_title": 4, "section": "[\"Included in Our Packge\",\"Procedure\",\"document\",\"Memorandum\",\"Register\",\"FAQS\",\"Signification\"]"}}, {"model": "dashboard.sections", "pk": 6, "fields": {"reg_title": 1, "section": "[\"Included in Our Packge\",\"Procedure\",\"document\",\"Memorandum\",\"Register\",\"FAQS\",\"Signification\"]"}}, {"model": "dashboard.sections", "pk": 7, "fields": {"reg_title": 11, "section": "[\"Included in Our Packge\",\"Procedure\",\"document\",\"Memorandum\",\"Register\",\"FAQS\",\"Signification\"]"}}, {"model": "dashboard.sections", "pk": 8, "fields": {"reg_title": 2, "section": "[\"Included in Our Packge\",\"Procedure\",\"document\",\"Memorandum\",\"Register\",\"FAQS\",\"Signification\"]"}}, {"model": "dashboard.sections", "pk": 9, "fields": {"reg_title": 3, "section": "[\"Included in Our Packge\",\"Procedure\",\"document\",\"Memorandum\",\"Register\",\"FAQS\",\"Signification\"]"}}]